"year","pref","ku","kun","wl","rank","nocand","seito","j_name","gender","name","previous","age","exp","status","vote","voteshare","eligible","turnout","seshu_dummy","jiban_seshu","nojiban_seshu"
2021,"愛知","aichi",1,1,1,3,"自民","熊田裕通","male","KUMADA, HIROMICHI",3,57,NA,1,94107,48.81,400338,49.49,NA,NA,NA
2021,"愛知","aichi",1,2,2,3,"立憲","吉田統彦","male","YOSHIDA, TSUNEHIKO",2,46,NA,1,91707,47.57,400338,49.49,NA,NA,NA
2021,"愛知","aichi",1,0,3,3,"Ｎ党","門田節代","female","KADOTA, SETSUYO",0,54,NA,0,6988,3.62,400338,49.49,NA,NA,NA
2021,"愛知","aichi",2,1,1,2,"国民","古川元久","male","FURUKAWA, MOTOHISA",8,55,NA,1,131397,62.33,404436,53.44,NA,NA,NA
2021,"愛知","aichi",2,2,2,2,"自民","中川貴元","male","NAKAGAWA, TAKAMOTO",0,54,NA,0,79418,37.67,404436,53.44,NA,NA,NA
2021,"愛知","aichi",3,1,1,2,"立憲","近藤昭一","male","KONDO, SHOICHI",8,63,NA,1,121400,54.96,417728,54.22,NA,NA,NA
2021,"愛知","aichi",3,2,2,2,"自民","池田佳隆","male","IKEDA, YOSHITAKA",3,55,NA,1,99489,45.04,417728,54.22,NA,NA,NA
2021,"愛知","aichi",4,1,1,3,"自民","工藤彰三","male","KUDO, SHOZO",3,56,NA,1,78004,43.72,372310,48.95,NA,NA,NA
2021,"愛知","aichi",4,2,2,3,"立憲","牧義夫","male","MAKI, YOSHIO",6,63,NA,1,72786,40.79,372310,48.95,NA,NA,NA
2021,"愛知","aichi",4,0,3,3,"維新","中田千代","female","NAKATA, CHIYO",0,54,NA,0,27640,15.49,372310,48.95,NA,NA,NA
2021,"愛知","aichi",5,1,1,3,"自民","神田憲次","male","KANDA, KENJI",3,58,NA,1,84320,41.16,432024,48.63,NA,NA,NA
2021,"愛知","aichi",5,0,2,3,"立憲","西川厚志","male","NISHIKAWA, ATSUSHI",0,52,NA,0,74995,36.61,432024,48.63,NA,NA,NA
2021,"愛知","aichi",5,2,3,3,"維新","岬麻紀","female","MISAKI, MAKI",0,52,NA,0,45540,22.23,432024,48.63,NA,NA,NA
2021,"愛知","aichi",6,1,1,3,"自民","丹羽秀樹","male","NIWA, HIDEKI",5,48,NA,1,136168,58.35,435949,54.83,NA,NA,NA
2021,"愛知","aichi",6,0,2,3,"立憲","松田功","male","MATSUDA, ISAO",1,53,NA,1,76912,32.96,435949,54.83,NA,NA,NA
2021,"愛知","aichi",6,0,3,3,"共産","内田謙","male","UCHIDA, KEN",0,71,NA,0,20299,8.7,435949,54.83,NA,NA,NA
2021,"愛知","aichi",7,1,1,3,"自民","鈴木淳司","male","SUZUKI, JUNJI",5,63,NA,1,144725,54.7,455656,59.54,NA,NA,NA
2021,"愛知","aichi",7,0,2,3,"立憲","森本和義","male","MORIMOTO, KAZUYOSHI",1,55,NA,2,88914,33.6,455656,59.54,NA,NA,NA
2021,"愛知","aichi",7,0,3,3,"共産","須山初美","female","SUYAMA, HATSUMI",0,43,NA,0,30956,11.7,455656,59.54,NA,NA,NA
2021,"愛知","aichi",8,1,1,2,"自民","伊藤忠彦","male","ITO, TADAHIKO",4,57,NA,1,121714,50.22,437624,56.53,NA,NA,NA
2021,"愛知","aichi",8,2,2,2,"立憲","伴野豊","male","BANNO, YUTAKA",5,60,NA,2,120649,49.78,437624,56.53,NA,NA,NA
2021,"愛知","aichi",9,1,1,2,"自民","長坂康正","male","NAGASAKA, YASUMASA",3,64,NA,1,120213,52.74,432760,53.98,NA,NA,NA
2021,"愛知","aichi",9,0,2,2,"立憲","岡本充功","male","OKAMOTO, MITSUNORI",5,50,NA,1,107722,47.26,432760,53.98,NA,NA,NA
2021,"愛知","aichi",10,1,1,5,"自民","江崎鉄磨","male","ESAKI, TETSUMA",7,78,NA,1,81107,35.01,436560,54.49,1,"父＝江_真澄（衆議院議員）",NA
2021,"愛知","aichi",10,2,2,5,"維新","杉本和巳","male","SUGIMOTO, KAZUMI",3,61,NA,1,62601,27.02,436560,54.49,NA,NA,NA
2021,"愛知","aichi",10,0,3,5,"立憲","藤原規真","male","FUJIWARA, NORIMASA",0,43,NA,0,53375,23.04,436560,54.49,NA,NA,NA
2021,"愛知","aichi",10,0,4,5,"れい","安井美沙子","female","YASUI, MISAKO",0,56,NA,0,20989,9.06,436560,54.49,NA,NA,NA
2021,"愛知","aichi",10,0,5,5,"共産","板倉正文","male","ITAKURA, MASAFUMI",0,63,NA,0,13605,5.87,436560,54.49,NA,NA,NA
2021,"愛知","aichi",11,1,1,3,"自民","八木哲也","male","YAGI, TETSUYA",3,74,NA,1,158018,69.07,383834,62.8,NA,NA,NA
2021,"愛知","aichi",11,0,2,3,"共産","本多信弘","male","HONDA, NOBUHIRO",0,45,NA,0,36788,16.08,383834,62.8,NA,NA,NA
2021,"愛知","aichi",11,0,3,3,"無所","梅村忠司","male","UMEMURA, TADASHI",0,65,NA,0,33990,14.86,383834,62.8,NA,NA,NA
2021,"愛知","aichi",12,1,1,2,"立憲","重徳和彦","male","SHIGETOKU, KAZUHIKO",3,50,NA,1,142536,52.67,444780,61.97,NA,NA,NA
2021,"愛知","aichi",12,2,2,2,"自民","青山周平","male","AOYAMA, SHUHEI",3,44,NA,1,128083,47.33,444780,61.97,NA,NA,NA
2021,"愛知","aichi",13,1,1,2,"立憲","大西健介","male","ONISHI, KENSUKE",4,50,NA,1,134033,52.72,422731,61.56,NA,NA,NA
2021,"愛知","aichi",13,2,2,2,"自民","石井拓","male","ISHII, TAKU",0,56,NA,0,120203,47.28,422731,61.56,NA,NA,NA
2021,"愛知","aichi",14,1,1,3,"自民","今枝宗一郎","male","IMAEDA, SOICHIRO",3,37,NA,1,114160,62.96,296452,62.26,NA,NA,NA
2021,"愛知","aichi",14,0,2,3,"立憲","田中克典","male","TANAKA, KATSUNORI",0,47,NA,0,59462,32.8,296452,62.26,NA,NA,NA
2021,"愛知","aichi",14,0,3,3,"共産","野沢康幸","male","NOZAWA, YASUYUKI",0,33,NA,0,7689,4.24,296452,62.26,NA,NA,NA
2021,"愛知","aichi",15,1,1,3,"自民","根本幸典","male","NEMOTO, YUKINORI",3,56,NA,1,104204,52.41,348761,58.1,NA,NA,NA
2021,"愛知","aichi",15,0,2,3,"立憲","関健一郎","male","SEKI, KENICHIRO",1,43,NA,1,80776,40.63,348761,58.1,NA,NA,NA
2021,"愛知","aichi",15,0,3,3,"れい","菅谷竜","male","SUGAYA, RYU",0,40,NA,0,13832,6.96,348761,58.1,NA,NA,NA
2021,"愛媛","ehime",1,1,1,2,"自民","塩崎彰久","male","SHIOZAKI, AKIHISA",0,45,NA,0,119633,60.81,385321,52.1,1,"父＝塩崎恭久（衆議院議員）",NA
2021,"愛媛","ehime",1,0,2,2,"立憲","友近聡朗","male","TOMOCHIKA, TOSHIRO",0,46,NA,0,77091,39.19,385321,52.1,NA,NA,NA
2021,"愛媛","ehime",2,1,1,3,"自民","村上誠一郎","male","MURAKAMI, SEIICHIRO",11,69,NA,1,72861,57.49,249121,52.73,1,"父＝村上信二郎（衆議院議員）",NA
2021,"愛媛","ehime",2,0,2,3,"国民","石井智恵","female","ISHII, TOMOE",0,53,NA,0,42520,33.55,249121,52.73,NA,NA,NA
2021,"愛媛","ehime",2,0,3,3,"共産","片岡朗","male","KATAOKA, RO",0,62,NA,0,11358,8.96,249121,52.73,NA,NA,NA
2021,"愛媛","ehime",3,1,1,2,"自民","井原巧","male","IHARA, TAKUMI",0,57,NA,0,76263,51.58,260288,57.42,NA,NA,NA
2021,"愛媛","ehime",3,2,2,2,"立憲","白石洋一","male","SHIRAISHI, YOICHI",2,58,NA,1,71600,48.42,260288,57.42,NA,NA,NA
2021,"愛媛","ehime",4,1,1,5,"自民","長谷川淳二","male","HASEGAWA, JUNJI",0,53,NA,0,81015,56.59,246664,59.16,NA,NA,NA
2021,"愛媛","ehime",4,0,2,5,"無所","桜内文城","male","SAKURAUCHI, FUMIKI",1,56,NA,2,47717,33.33,246664,59.16,NA,NA,NA
2021,"愛媛","ehime",4,0,3,5,"共産","西井直人","male","NISHII, NAOHITO",0,64,NA,0,11555,8.07,246664,59.16,NA,NA,NA
2021,"愛媛","ehime",4,0,4,5,"無所","藤島利久","male","FUJISHIMA, TOSHIHISA",0,59,NA,0,1547,1.08,246664,59.16,NA,NA,NA
2021,"愛媛","ehime",4,0,5,5,"無所","前田龍夫","male","MAEDA, TATSUO",0,67,NA,0,1319,0.92,246664,59.16,NA,NA,NA
2021,"茨城","ibaraki",1,1,1,2,"無所","福島伸享","male","FUKUSHIMA, NOBUYUKI",2,51,NA,2,105072,52.05,402090,51.29,NA,NA,NA
2021,"茨城","ibaraki",1,2,2,2,"自民","田所嘉徳","male","TADOKORO, YOSHINORI",3,67,NA,1,96791,47.95,402090,51.29,NA,NA,NA
2021,"茨城","ibaraki",2,1,1,2,"自民","額賀福志郎","male","NUKAGA, FUKUSHIRO",12,77,NA,1,110831,64.46,355390,49.8,NA,NA,NA
2021,"茨城","ibaraki",2,0,2,2,"立憲","藤田幸久","male","FUJITA, YUKIHISA",2,71,NA,2,61103,35.54,355390,49.8,NA,NA,NA
2021,"茨城","ibaraki",3,1,1,3,"自民","葉梨康弘","male","HANASHI, YASUHIRO",5,62,NA,1,109448,53.59,389521,53.52,1,"祖父＝葉梨新五郎（衆議院議員）、父＝葉梨信行（衆議院議員）",NA
2021,"茨城","ibaraki",3,0,2,3,"立憲","梶岡博樹","male","KAJIOKA, HIROKI",0,44,NA,0,63674,31.18,389521,53.52,NA,NA,NA
2021,"茨城","ibaraki",3,0,3,3,"維新","岸野智康","male","KISHINO, TOMOYASU",0,27,NA,0,31100,15.23,389521,53.52,NA,NA,NA
2021,"茨城","ibaraki",4,1,1,3,"自民","梶山弘志","male","KAJIYAMA, HIROSHI",7,66,NA,1,98254,70.47,268147,52.81,1,"父＝梶山静六（衆議院議員）",NA
2021,"茨城","ibaraki",4,0,2,3,"維新","武藤優子","female","MUTO, YUKO",0,57,NA,0,25162,18.05,268147,52.81,NA,NA,NA
2021,"茨城","ibaraki",4,0,3,3,"共産","大内久美子","female","OUCHI, KUMIKO",0,72,NA,0,16018,11.49,268147,52.81,NA,NA,NA
2021,"茨城","ibaraki",5,1,1,4,"国民","浅野哲","male","ASANO, SATOSHI",1,39,NA,1,61373,48.49,241755,53.3,NA,NA,NA
2021,"茨城","ibaraki",5,2,2,4,"自民","石川昭政","male","ISHIKAWA, AKIMASA",3,49,NA,1,53878,42.57,241755,53.3,NA,NA,NA
2021,"茨城","ibaraki",5,0,3,4,"共産","飯田美弥子","female","IIDA, MIYAKO",0,61,NA,0,8061,6.37,241755,53.3,NA,NA,NA
2021,"茨城","ibaraki",5,0,4,4,"無所","田村弘","male","TAMURA, HIROSHI",0,49,NA,0,3248,2.57,241755,53.3,NA,NA,NA
2021,"茨城","ibaraki",6,1,1,2,"自民","国光文乃","female","KUNIMITSU, AYANO",1,42,NA,1,125703,52.54,454712,53.62,NA,NA,NA
2021,"茨城","ibaraki",6,2,2,2,"立憲","青山大人","male","AOYAMA, YAMATO",1,42,NA,1,113570,47.46,454712,53.62,NA,NA,NA
2021,"茨城","ibaraki",7,1,1,3,"自民","永岡桂子","female","NAGAOKA, KEIKO",5,67,NA,1,74362,46.51,303353,53.71,NA,NA,NA
2021,"茨城","ibaraki",7,2,2,3,"立憲","中村喜四郎","male","NAKAMURA, KISHIRO",14,72,NA,1,70843,44.31,303353,53.71,NA,NA,NA
2021,"茨城","ibaraki",7,0,3,3,"維新","水梨伸晃","male","MIZUNASHI, NOBUAKI",0,42,NA,0,14683,9.18,303353,53.71,NA,NA,NA
2021,"岡山","okayama",1,1,1,3,"自民","逢沢一郎","male","AISAWA, ICHIRO",11,67,NA,1,90939,54.97,364162,46.73,1,"父=逢沢英雄（衆議院議員）",NA
2021,"岡山","okayama",1,0,2,3,"立憲","原田謙介","male","HARADA, KENSUKE",0,35,NA,0,65499,39.59,364162,46.73,NA,NA,NA
2021,"岡山","okayama",1,0,3,3,"共産","余江雪央","male","YOE, YUKIO",0,44,NA,0,8990,5.43,364162,46.73,NA,NA,NA
2021,"岡山","okayama",2,1,1,2,"自民","山下貴司","male","YAMASHITA, TAKASHI",3,56,NA,1,80903,56.39,289071,50.42,NA,NA,NA
2021,"岡山","okayama",2,0,2,2,"立憲","津村啓介","male","TSUMURA, KEISUKE",6,50,NA,1,62555,43.61,289071,50.42,NA,NA,NA
2021,"岡山","okayama",3,1,1,4,"無所","平沼正二郎","male","HIRANUMA, SHOJIRO",0,41,NA,0,68631,44.38,270565,57.97,1,"父＝平沼赳夫（衆院議員）",NA
2021,"岡山","okayama",3,2,2,4,"自民","阿部俊子","female","ABE, TOSHIKO",5,62,NA,1,54930,35.52,270565,57.97,NA,NA,NA
2021,"岡山","okayama",3,0,3,4,"立憲","森本栄","male","MORIMOTO, SAKAE",0,73,NA,0,23316,15.08,270565,57.97,NA,NA,NA
2021,"岡山","okayama",3,0,4,4,"共産","尾崎宏子","female","OZAKI, HIROKO",0,65,NA,0,7760,5.02,270565,57.97,NA,NA,NA
2021,"岡山","okayama",4,1,1,3,"自民","橋本岳","male","HASHIMOTO, GAKU",4,47,NA,1,89052,49.73,381828,48.04,1,"父＝橋本龍太郎（衆議院議員）,祖父＝橋本龍伍（衆議院議員）",NA
2021,"岡山","okayama",4,2,2,3,"立憲","柚木道義","male","YUNOKI, MICHIYOSHI",5,49,NA,1,83859,46.83,381828,48.04,NA,NA,NA
2021,"岡山","okayama",4,0,3,3,"無所","中川智晴","male","NAKAGAWA, TOMOHARU",0,63,NA,0,6146,3.43,381828,48.04,NA,NA,NA
2021,"岡山","okayama",5,1,1,3,"自民","加藤勝信","male","KATO, KATSUNOBU",6,65,NA,1,102139,72.61,262936,54.33,NA,NA,NA
2021,"岡山","okayama",5,0,2,3,"立憲","はたともこ","female","HATA, TOMOKO",0,55,NA,0,31467,22.37,262936,54.33,NA,NA,NA
2021,"岡山","okayama",5,0,3,3,"共産","美見芳明","male","MIIMI, YOSHIAKI",0,64,NA,0,7067,5.02,262936,54.33,NA,NA,NA
2021,"沖縄","okinawa",1,1,1,3,"共産","赤嶺政賢","male","AKAMINE, SEIKEN",7,73,NA,1,61596,42.22,267939,55.89,NA,NA,NA
2021,"沖縄","okinawa",1,2,2,3,"自民","国場幸之助","male","KOKUBA, KONOSUKE",3,48,NA,1,54455,37.33,267939,55.89,NA,NA,NA
2021,"沖縄","okinawa",1,0,3,3,"無所","下地幹郎","male","SHIMOJI, MIKIO",6,60,NA,1,29827,20.45,267939,55.89,NA,NA,NA
2021,"沖縄","okinawa",2,1,1,4,"社民","新垣邦男","male","SHINKAI, YUJI",0,65,NA,0,74665,47.39,294848,54.82,NA,NA,NA
2021,"沖縄","okinawa",2,2,2,4,"自民","宮崎政久","male","MIYAZAKI, MASAHISA",3,56,NA,1,64542,40.96,294848,54.82,NA,NA,NA
2021,"沖縄","okinawa",2,0,3,4,"維新","山川泰博","male","YAMAKAWA, YASUHIRO",0,51,NA,0,15296,9.71,294848,54.82,NA,NA,NA
2021,"沖縄","okinawa",2,0,4,4,"Ｎ党","中村幸也","male","NAKAMURA, YUKIYA",0,41,NA,0,3053,1.94,294848,54.82,NA,NA,NA
2021,"沖縄","okinawa",3,1,1,2,"自民","島尻安伊子","female","SHIMAJIRI, AIKO",0,56,NA,0,87710,52.14,316861,54,NA,NA,NA
2021,"沖縄","okinawa",3,0,2,2,"立憲","屋良朝博","male","YARA, TOMOHIRO",1,59,NA,1,80496,47.86,316861,54,NA,NA,NA
2021,"沖縄","okinawa",4,1,1,2,"自民","西銘恒三郎","male","NISHIME, KOZABURO",5,67,NA,1,87671,54.9,295455,55.05,1,"父＝西銘順治（衆議院議員）",NA
2021,"沖縄","okinawa",4,0,2,2,"立憲","金城徹","male","KINJYO, TORU",0,68,NA,0,72031,45.1,295455,55.05,NA,NA,NA
2021,"岩手","iwate",1,1,1,3,"立憲","階猛","male","SHINA, TAKESHI",5,55,NA,1,87017,51.19,293290,58.81,NA,NA,NA
2021,"岩手","iwate",1,0,2,3,"自民","高橋比奈子","female","TAKAHASHI, HINAKO",3,63,NA,1,62666,36.87,293290,58.81,NA,NA,NA
2021,"岩手","iwate",1,0,3,3,"共産","吉田恭子","female","YOSHIDA, KYOKO",0,40,NA,0,20300,11.94,293290,58.81,NA,NA,NA
2021,"岩手","iwate",2,1,1,3,"自民","鈴木俊一","male","SUZUKI, SHUNICHI",9,68,NA,1,149168,67.99,369715,60.28,1,"父＝鈴木善幸（衆議院議員）",NA
2021,"岩手","iwate",2,0,2,3,"立憲","大林正英","male","OBAYASHI, MASAHIDE",0,57,NA,0,66689,30.4,369715,60.28,NA,NA,NA
2021,"岩手","iwate",2,0,3,3,"Ｎ党","荒川順子","female","ARAKAWA, JUNKO",0,68,NA,0,3548,1.62,369715,60.28,NA,NA,NA
2021,"岩手","iwate",3,1,1,2,"自民","藤原崇","male","FUJIWARA, TAKASHI",3,38,NA,1,118734,52.05,377117,61.71,NA,NA,NA
2021,"岩手","iwate",3,2,2,2,"立憲","小沢一郎","male","OZAWA, ICHIRO",17,79,NA,1,109362,47.95,377117,61.71,1,"父＝小沢佐重喜（衆議院議員）",NA
2021,"岐阜","gifu",1,1,1,4,"自民","野田聖子","female","NODA, SEIKO",9,61,NA,1,103805,62.54,326022,52.31,1,"祖父＝野田卯一（衆議院議員，参議院議員）",NA
2021,"岐阜","gifu",1,0,2,4,"立憲","川本慧佑","male","KAWAMOTO, KEISUKE",0,30,NA,0,48629,29.3,326022,52.31,NA,NA,NA
2021,"岐阜","gifu",1,0,3,4,"共産","山越徹","male","YAMAKOSHI, TORU",0,51,NA,0,9846,5.93,326022,52.31,NA,NA,NA
2021,"岐阜","gifu",1,0,4,4,"諸派","土田正光","male","TSUCHIDA, MASAMITSU",0,77,NA,0,3698,2.23,326022,52.31,NA,NA,NA
2021,"岐阜","gifu",2,1,1,3,"自民","棚橋泰文","male","TANAHASHI, YASUFUMI",8,58,NA,1,108755,65.79,300608,56.09,1,"祖父＝松野幸泰（衆議院議員）",NA
2021,"岐阜","gifu",2,0,2,3,"国民","大谷由里子","female","OTANI, YURIKO",0,58,NA,0,40179,24.31,300608,56.09,NA,NA,NA
2021,"岐阜","gifu",2,0,3,3,"共産","三尾圭司","male","MIO, KEIJI",0,45,NA,0,16374,9.91,300608,56.09,NA,NA,NA
2021,"岐阜","gifu",3,1,1,2,"自民","武藤容治","male","MUTO, YOJI",4,66,NA,1,132357,58.57,422993,54.55,1,"父＝武藤嘉文（衆議院議員）・祖父＝武藤嘉一（衆議院議長）",NA
2021,"岐阜","gifu",3,0,2,2,"立憲","阪口直人","male","SAKAGUCHI, NAOTO",2,58,NA,2,93616,41.43,422993,54.55,NA,NA,NA
2021,"岐阜","gifu",4,1,1,3,"自民","金子俊平","male","KANEKO, SHUMPEI",1,43,NA,1,110844,51.23,330497,66.37,1,"父＝金子一義（衆議院議員）、祖父＝金子一平（衆議院議員）",NA
2021,"岐阜","gifu",4,0,2,3,"立憲","今井雅人","male","IMAI, MASATO",4,59,NA,1,91354,42.22,330497,66.37,NA,NA,NA
2021,"岐阜","gifu",4,0,3,3,"維新","佐伯哲也","male","SAEKI, TETSUYA",0,51,NA,0,14171,6.55,330497,66.37,NA,NA,NA
2021,"岐阜","gifu",5,1,1,4,"自民","古屋圭司","male","FURUYA, KEIJI",10,69,NA,1,82140,48.49,273847,62.72,1,"叔父（養父）＝古屋享（衆議院議員）",NA
2021,"岐阜","gifu",5,0,2,4,"立憲","今井瑠々","female","IMAI, RURU",0,25,NA,0,68615,40.5,273847,62.72,NA,NA,NA
2021,"岐阜","gifu",5,0,3,4,"維新","山田良司","male","YAMADA, RYOJI",1,61,NA,2,9921,5.86,273847,62.72,NA,NA,NA
2021,"岐阜","gifu",5,0,4,4,"共産","小関祥子","female","OZEKI, SHOKO",0,68,NA,0,8736,5.16,273847,62.72,NA,NA,NA
2021,"宮崎","miyazaki",1,1,1,4,"立憲","渡辺創","male","WATANABE, SO",0,44,NA,0,60719,32.6,354691,53.29,NA,NA,NA
2021,"宮崎","miyazaki",1,2,2,4,"自民","武井俊輔","male","TAKEI, SHUNSUKE",3,46,NA,1,59649,32.02,354691,53.29,NA,NA,NA
2021,"宮崎","miyazaki",1,0,3,4,"無所","脇谷のりこ","female","WAKITANI, NORIKO",0,64,NA,0,43555,23.38,354691,53.29,NA,NA,NA
2021,"宮崎","miyazaki",1,0,4,4,"維新","外山斎","male","TOYAMA, ITSUKI",0,45,NA,0,22350,12,354691,53.29,NA,NA,NA
2021,"宮崎","miyazaki",2,1,1,2,"自民","江藤拓","male","ETO, TAKU",6,61,NA,1,94156,62.2,273071,56.28,1,"父＝江藤隆美（衆議院議員）",NA
2021,"宮崎","miyazaki",2,2,2,2,"国民","長友慎治","male","NAGATOMO, SHINJI",0,44,NA,0,57210,37.8,273071,56.28,NA,NA,NA
2021,"宮崎","miyazaki",3,1,1,3,"自民","古川禎久","male","FURUKAWA, YOSHIHISA",6,56,NA,1,111845,80.73,274053,51.53,NA,NA,NA
2021,"宮崎","miyazaki",3,0,2,3,"共産","松本隆","male","MATSUMOTO, TAKASHI",0,60,NA,0,20342,14.68,274053,51.53,NA,NA,NA
2021,"宮崎","miyazaki",3,0,3,3,"Ｎ党","重黒木優平","male","JUROKI, YUHEI",0,34,NA,0,6347,4.58,274053,51.53,NA,NA,NA
2021,"宮城","miyagi",1,1,1,4,"自民","土井亨","male","DOI, TORU",4,63,NA,1,101964,43.42,439697,54.6,NA,NA,NA
2021,"宮城","miyagi",1,2,2,4,"立憲","岡本章子","female","OKAMOTO, AKIKO",1,57,NA,1,96649,41.16,439697,54.6,NA,NA,NA
2021,"宮城","miyagi",1,0,3,4,"維新","春藤沙弥香","female","SHUNDO, SAYAKA",0,40,NA,0,23033,9.81,439697,54.6,NA,NA,NA
2021,"宮城","miyagi",1,0,4,4,"無所","大草芳江","female","OKUSA, YOSHIE",0,39,NA,0,13174,5.61,439697,54.6,NA,NA,NA
2021,"宮城","miyagi",2,1,1,3,"立憲","鎌田さゆり","female","KAMATA, SAYURI",2,56,NA,2,116320,48.96,455409,53.62,NA,NA,NA
2021,"宮城","miyagi",2,2,2,3,"自民","秋葉賢也","male","AKIBA, KENYA",6,59,NA,1,115749,48.72,455409,53.62,NA,NA,NA
2021,"宮城","miyagi",2,0,3,3,"Ｎ党","林マリアゆき","female","HAYASHI, MARIAYUKI",0,47,NA,0,5521,2.32,455409,53.62,NA,NA,NA
2021,"宮城","miyagi",3,1,1,3,"自民","西村明宏","male","NISHIMURA, AKIHIRO",5,61,NA,1,96210,59.27,286936,57.71,NA,NA,NA
2021,"宮城","miyagi",3,0,2,3,"立憲","大野園子","female","ONO, SONOKO",0,33,NA,0,60237,37.11,286936,57.71,NA,NA,NA
2021,"宮城","miyagi",3,0,3,3,"無所","浅田晃司","male","ASADA, KOJI",0,74,NA,0,5890,3.63,286936,57.71,NA,NA,NA
2021,"宮城","miyagi",4,1,1,3,"自民","伊藤信太郎","male","ITO, SHINTARO",6,68,NA,1,74721,56.51,237478,57.15,1,"父=伊藤宗一郎（衆議院議員）",NA
2021,"宮城","miyagi",4,0,2,3,"共産","舩山由美","female","FUNAYAMA, YUMI",0,53,NA,0,30047,22.73,237478,57.15,NA,NA,NA
2021,"宮城","miyagi",4,2,3,3,"維新","早坂敦","male","HAYASAKA, ATSUSHI",0,50,NA,0,27451,20.76,237478,57.15,NA,NA,NA
2021,"宮城","miyagi",5,1,1,2,"立憲","安住淳","male","AZUMI, JUN",8,59,NA,1,81033,56.89,252373,57.34,NA,NA,NA
2021,"宮城","miyagi",5,0,2,2,"自民","森下千里","female","MORISHITA, SENRI",0,40,NA,0,61410,43.11,252373,57.34,NA,NA,NA
2021,"宮城","miyagi",6,1,1,2,"自民","小野寺五典","male","ONODERA, ITSUNORI",7,61,NA,1,119555,83.24,253730,57.38,NA,NA,NA
2021,"宮城","miyagi",6,0,2,2,"共産","内藤隆司","male","NAITO, TAKAJI",0,63,NA,0,24072,16.76,253730,57.38,NA,NA,NA
2021,"熊本","kumamoto",1,1,1,2,"自民","木原稔","male","KIHARA, MINORU",4,52,NA,1,131371,61.04,421038,52.91,NA,NA,NA
2021,"熊本","kumamoto",1,0,2,2,"立憲","濱田大造","male","HAMADA, TAIZO",0,51,NA,0,83842,38.96,421038,52.91,NA,NA,NA
2021,"熊本","kumamoto",2,1,1,3,"無所","西野太亮","male","NISHINO, DAISUKE",0,43,NA,0,110310,60.64,314184,58.67,NA,NA,NA
2021,"熊本","kumamoto",2,0,2,3,"自民","野田毅","male","NODA, TAKESHI",16,80,NA,1,60091,33.03,314184,58.67,1,"義父＝野田武夫(衆議院議員)",NA
2021,"熊本","kumamoto",2,0,3,3,"共産","橋田芳昭","male","HASHIDA, YOSHIAKI",0,66,NA,0,11521,6.33,314184,58.67,NA,NA,NA
2021,"熊本","kumamoto",3,1,1,3,"自民","坂本哲志","male","SAKAMOTO, TETSUSHI",6,70,NA,1,125158,71.15,315292,57.38,NA,NA,NA
2021,"熊本","kumamoto",3,0,2,3,"社民","馬場功世","male","BABA, KOSEI",0,70,NA,0,37832,21.51,315292,57.38,NA,NA,NA
2021,"熊本","kumamoto",3,0,3,3,"Ｎ党","本間明子","female","HONMA, AKIKO",0,40,NA,0,12909,7.34,315292,57.38,NA,NA,NA
2021,"熊本","kumamoto",4,1,1,2,"自民","金子恭之","male","KANEKO, YASUSHI",7,60,NA,1,155572,68.07,404286,57.5,NA,NA,NA
2021,"熊本","kumamoto",4,0,2,2,"立憲","矢上雅義","male","YAGAMI, MASAYOSHI",3,61,NA,1,72966,31.93,404286,57.5,NA,NA,NA
2021,"群馬","gunma",1,1,1,4,"自民","中曽根康隆","male","NAKASONE, YASUTAKA",1,39,NA,1,110244,56.32,378869,52.97,NA,NA,NA
2021,"群馬","gunma",1,0,2,4,"維新","宮崎岳志","male","MIYAZAKI, TAKESHI",2,51,NA,2,42529,21.72,378869,52.97,NA,NA,NA
2021,"群馬","gunma",1,0,3,4,"無所","斉藤敦子","female","SAITO, ATSUKO",0,53,NA,0,24072,12.3,378869,52.97,NA,NA,NA
2021,"群馬","gunma",1,0,4,4,"共産","店橋世津子","female","TANAHASHI, SETSUKO",0,60,NA,0,18917,9.66,378869,52.97,NA,NA,NA
2021,"群馬","gunma",2,1,1,3,"自民","井野俊郎","male","INO,TOSHIRO",3,41,NA,1,88799,54.03,332971,50.66,NA,NA,NA
2021,"群馬","gunma",2,0,2,3,"立憲","堀越啓仁","male","HORIKOSHI, KEININ",1,41,NA,1,50325,30.62,332971,50.66,NA,NA,NA
2021,"群馬","gunma",2,0,3,3,"無所","石関貴史","male","ISHIZEKI, TAKASHI",4,49,NA,2,25216,15.34,332971,50.66,NA,NA,NA
2021,"群馬","gunma",3,1,1,3,"自民","笹川博義","male","SASAKAWA, HIROYOSHI",3,55,NA,1,86021,54.63,303475,53.62,NA,NA,NA
2021,"群馬","gunma",3,0,2,3,"立憲","長谷川嘉一","male","HASEGAWA, KAICHI",1,68,NA,1,67689,42.99,303475,53.62,NA,NA,NA
2021,"群馬","gunma",3,0,3,3,"Ｎ党","説田健二","male","SETTA, KENJI",0,50,NA,0,3737,2.37,303475,53.62,NA,NA,NA
2021,"群馬","gunma",4,1,1,2,"自民","福田達夫","male","FUKUDA, TATSUO",3,54,NA,1,105359,65.02,295511,56.39,1,"父＝福田康夫（衆院議員）、祖父＝福田赳夫（衆院議員）",NA
2021,"群馬","gunma",4,0,2,2,"立憲","角倉邦良","male","KADOKURA, KUNIYOSHI",0,61,NA,0,56682,34.98,295511,56.39,NA,NA,NA
2021,"群馬","gunma",5,1,1,2,"自民","小渕優子","female","OBUCHI, YUKO",7,47,NA,1,125702,76.59,303298,56.42,1,"父＝小渕恵三（衆議院議員）",NA
2021,"群馬","gunma",5,0,2,2,"共産","伊藤達也","male","ITO, TATSUYA",0,38,NA,0,38428,23.41,303298,56.42,NA,NA,NA
2021,"広島","hiroshima",1,1,1,4,"自民","岸田文雄","male","KISHIDA, FUMIO",9,64,NA,1,133704,80.67,332001,50.81,1,"父＝岸田文武（衆議院議員）",NA
2021,"広島","hiroshima",1,0,2,4,"社民","有田優子","female","ARITA, YUKO",0,51,NA,0,15904,9.6,332001,50.81,NA,NA,NA
2021,"広島","hiroshima",1,0,3,4,"共産","大西理","male","ONISHI, OSAMU",0,55,NA,0,14508,8.75,332001,50.81,NA,NA,NA
2021,"広島","hiroshima",1,0,4,4,"諸派","上出圭一","male","KAMIDE, KEIICHI",0,65,NA,0,1630,0.98,332001,50.81,NA,NA,NA
2021,"広島","hiroshima",2,1,1,2,"自民","平口洋","male","HIRAGUCHI, HIROSHI",4,73,NA,1,133126,65.24,404009,51.48,NA,NA,NA
2021,"広島","hiroshima",2,0,2,2,"立憲","大井赤亥","male","OI, AKAI",0,40,NA,0,70939,34.76,404009,51.48,NA,NA,NA
2021,"広島","hiroshima",3,1,1,6,"公明","斉藤鉄夫","male","SAITO, TESTUO",9,69,NA,1,97844,55.07,360198,51.07,NA,NA,NA
2021,"広島","hiroshima",3,0,2,6,"立憲","ライアン真由美","female","RAIAN, MAYUMI",0,58,NA,0,53143,29.91,360198,51.07,NA,NA,NA
2021,"広島","hiroshima",3,0,3,6,"維新","瀬木寛親","male","SEGI, HIROCHIKA",0,57,NA,0,18088,10.18,360198,51.07,NA,NA,NA
2021,"広島","hiroshima",3,0,4,6,"無所","大山宏","male","OOYAMA, HIROSHI",0,73,NA,0,3559,2,360198,51.07,NA,NA,NA
2021,"広島","hiroshima",3,0,5,6,"Ｎ党","矢島秀平","male","YAJIMA, SHUHEI",0,29,NA,0,2789,1.57,360198,51.07,NA,NA,NA
2021,"広島","hiroshima",3,0,6,6,"無所","玉田憲勲","male","TAMADA, NORITAKA",0,64,NA,0,2251,1.27,360198,51.07,NA,NA,NA
2021,"広島","hiroshima",4,1,1,4,"自民","新谷正義","male","SHINTANI, MASAYOSHI",3,46,NA,1,78253,48.3,309781,53.18,NA,NA,NA
2021,"広島","hiroshima",4,0,2,4,"立憲","上野寛治","male","UENO, KANJI",0,39,NA,0,33681,20.79,309781,53.18,NA,NA,NA
2021,"広島","hiroshima",4,2,3,4,"維新","空本誠喜","male","SORAMOTO, SEIKI",1,57,NA,2,28966,17.88,309781,53.18,NA,NA,NA
2021,"広島","hiroshima",4,0,4,4,"無所","中川俊直","male","NAKAGAWA TOSHINAO",2,51,NA,2,21112,13.03,309781,53.18,1,"父＝中川秀直（衆議院議員）",NA
2021,"広島","hiroshima",5,1,1,2,"自民","寺田稔","male","TERADA, MINORU",5,63,NA,1,87434,67.66,242034,54.52,1,"妻のおばの夫＝池田行彦（衆院議員）",NA
2021,"広島","hiroshima",5,0,2,2,"立憲","野村功次郎","male","NOMURA, KOJIRO",0,51,NA,0,41788,32.34,242034,54.52,NA,NA,NA
2021,"広島","hiroshima",6,1,1,2,"立憲","佐藤公治","male","SATO, KOJI",3,62,NA,1,83796,51.42,294154,56.35,NA,NA,NA
2021,"広島","hiroshima",6,2,2,2,"自民","小島敏文","male","KOJIMA, TOSHIFUMI",3,71,NA,1,79158,48.58,294154,56.35,NA,NA,NA
2021,"広島","hiroshima",7,1,1,4,"自民","小林史明","male","KOBAYASHI, FUMIAKI",3,38,NA,1,123396,66.45,382135,49.35,NA,NA,NA
2021,"広島","hiroshima",7,0,2,4,"立憲","佐藤広典","male","SATO, HIRONORI",0,45,NA,0,45520,24.51,382135,49.35,NA,NA,NA
2021,"広島","hiroshima",7,0,3,4,"共産","村井明美","female","MURAI, AKEMI",0,73,NA,0,11580,6.24,382135,49.35,NA,NA,NA
2021,"広島","hiroshima",7,0,4,4,"無所","橋本加代","female","HASHIMOTO, KAYO",0,48,NA,0,5207,2.8,382135,49.35,NA,NA,NA
2021,"香川","kagawa",1,1,1,3,"立憲","小川淳也","male","OGAWA, JUNYA",5,50,NA,1,90267,51,313296,57.52,NA,NA,NA
2021,"香川","kagawa",1,2,2,3,"自民","平井卓也","male","HIRAI, TAKUYA",7,63,NA,1,70827,40.02,313296,57.52,NA,NA,NA
2021,"香川","kagawa",1,0,3,3,"維新","町川順子","female","MACHINO, JUNKO",0,62,NA,0,15888,8.98,313296,57.52,NA,NA,NA
2021,"香川","kagawa",2,1,1,2,"国民","玉木雄一郎","male","TAMAKI, YUICHIRO",4,52,NA,1,94530,63.5,258730,58.53,NA,NA,NA
2021,"香川","kagawa",2,0,2,2,"自民","瀬戸隆一","male","SETO, TAKAKAZU",2,56,NA,2,54334,36.5,258730,58.53,NA,NA,NA
2021,"香川","kagawa",3,1,1,2,"自民","大野敬太郎","male","OONO, KEITARO",3,53,NA,1,94437,79.78,240033,51.6,NA,NA,NA
2021,"香川","kagawa",3,0,2,2,"共産","尾崎淳一郎","male","OZAKI, JUNICHIRO",0,70,NA,0,23937,20.22,240033,51.6,NA,NA,NA
2021,"高知","kochi",1,1,1,4,"自民","中谷元","male","NAKATANI, GEN",10,64,NA,1,104837,64.32,310468,53.5,1,"祖父＝中谷貞頼（衆議院議員）",NA
2021,"高知","kochi",1,0,2,4,"立憲","武内則男","male","TAKEUCHI, NORIO",1,63,NA,1,50033,30.7,310468,53.5,NA,NA,NA
2021,"高知","kochi",1,0,3,4,"Ｎ党","中島康治","male","NAKAJIMA, YASUHARU",0,42,NA,0,4081,2.5,310468,53.5,NA,NA,NA
2021,"高知","kochi",1,0,4,4,"無所","川田永二","male","KAWADA, EIJI",0,86,NA,0,4036,2.48,310468,53.5,NA,NA,NA
2021,"高知","kochi",2,1,1,3,"自民","尾崎正直","male","OZAKI, MASANAO",0,54,NA,0,117810,67.24,287552,61.5,NA,NA,NA
2021,"高知","kochi",2,0,2,3,"立憲","広田一","male","HIROTA, HAJIME",1,53,NA,1,55214,31.52,287552,61.5,NA,NA,NA
2021,"高知","kochi",2,0,3,3,"Ｎ党","広田晋一郎","male","HIROTA, SHINICHIRO",0,52,NA,0,2171,1.24,287552,61.5,NA,NA,NA
2021,"佐賀","saga",1,1,1,2,"立憲","原口一博","male","HARAGUCHI, KAZUHIRO",8,62,NA,1,92452,50.04,333718,56.2,NA,NA,NA
2021,"佐賀","saga",1,2,2,2,"自民","岩田和親","male","IWATA, KAZUCHIKA",3,48,NA,1,92319,49.96,333718,56.2,NA,NA,NA
2021,"佐賀","saga",2,1,1,2,"立憲","大串博志","male","OGUCHI, HIROSHI",5,56,NA,1,106608,52.05,340617,60.8,NA,NA,NA
2021,"佐賀","saga",2,2,2,2,"自民","古川康","male","FURUKAWA, YASUSHI",2,63,NA,1,98224,47.95,340617,60.8,NA,NA,NA
2021,"埼玉","saitama",1,1,1,2,"自民","村井英樹","male","MURAI, HIDEKI",3,41,NA,1,120856,47.58,465306,55.48,NA,NA,NA
2021,"埼玉","saitama",1,0,2,2,"立憲","武正公一","male","TAKEMASA, KOICHI",6,60,NA,2,96690,38.07,465306,55.48,NA,NA,NA
2021,"埼玉","saitama",1,0,3,3,"維新","吉村豪介","male","YOSHIMURA, GOSUKE",0,40,NA,0,23670,9.32,465306,55.48,NA,NA,NA
2021,"埼玉","saitama",1,0,4,3,"無所","佐藤真実","female","SATO, MANAMI",0,37,NA,0,11540,4.54,465306,55.48,NA,NA,NA
2021,"埼玉","saitama",1,0,5,3,"無所","中島徳二","male","NAKAJIMA, TOKUJI",0,62,NA,0,1234,0.49,465306,55.48,NA,NA,NA
2021,"埼玉","saitama",2,1,1,3,"自民","新藤義孝","male","SHINDO, YOSHITAKA",7,63,NA,1,121543,52.78,470538,50.35,NA,NA,NA
2021,"埼玉","saitama",2,2,2,3,"維新","高橋英明","male","TAKAHASHI, HIDEAKI",0,58,NA,0,57327,24.89,470538,50.35,NA,NA,NA
2021,"埼玉","saitama",2,0,3,3,"共産","奥田智子","female","OKUDA, TOMOKO",0,52,NA,0,51420,22.33,470538,50.35,NA,NA,NA
2021,"埼玉","saitama",3,1,1,3,"自民","黄川田仁志","male","KIKAWADA, HITOSHI",3,51,NA,1,125500,53.63,462607,51.88,NA,NA,NA
2021,"埼玉","saitama",3,0,2,3,"立憲","山川百合子","female","YAMAKAWA, YURIKO",1,52,NA,1,100963,43.15,462607,51.88,NA,NA,NA
2021,"埼玉","saitama",3,0,3,3,"Ｎ党","河合悠祐","male","KAWAI, YUSUKE",0,40,NA,0,7534,3.22,462607,51.88,NA,NA,NA
2021,"埼玉","saitama",4,1,1,5,"自民","穂坂泰","male","HOSAKA, YASUSHI",1,47,NA,1,107135,52.26,386796,54.49,NA,NA,NA
2021,"埼玉","saitama",4,0,2,5,"国民","浅野克彦","male","ASANO, KATSUHIKO",0,47,NA,0,47863,23.35,386796,54.49,NA,NA,NA
2021,"埼玉","saitama",4,0,3,5,"共産","工藤薫","female","KUDO, KAORU",0,71,NA,0,34897,17.02,386796,54.49,NA,NA,NA
2021,"埼玉","saitama",4,0,4,5,"無所","遠藤宣彦","male","ENDO, NOBUHIKO",1,58,NA,2,11733,5.72,386796,54.49,NA,NA,NA
2021,"埼玉","saitama",4,0,5,5,"無所","小笠原洋輝","male","OGASAWARA, HIROTERU",0,37,NA,0,3358,1.64,386796,54.49,NA,NA,NA
2021,"埼玉","saitama",5,1,1,2,"立憲","枝野幸男","male","EDANO, YUKIO",9,57,NA,1,113615,51.38,397522,56.58,NA,NA,NA
2021,"埼玉","saitama",5,2,2,2,"自民","牧原秀樹","male","MAKIHARA, HIDEKI",4,50,NA,1,107532,48.62,397522,56.58,NA,NA,NA
2021,"埼玉","saitama",6,1,1,2,"立憲","大島敦","male","OSHIMA, ATSUSHI",7,64,NA,1,134281,56.02,443180,55.32,NA,NA,NA
2021,"埼玉","saitama",6,2,2,2,"自民","中根一幸","male","NAKANE, KAZUYUKI",4,52,NA,1,105433,43.98,443180,55.32,NA,NA,NA
2021,"埼玉","saitama",7,1,1,3,"自民","中野英幸","male","NAKANO, HIDEYUKI",0,60,NA,0,98958,44.21,436985,52.63,NA,NA,NA
2021,"埼玉","saitama",7,2,2,3,"立憲","小宮山泰子","female","KOMIYAMA, YASUKO",6,56,NA,1,93419,41.73,436985,52.63,1,"父＝小宮山重四郎（衆議院議員）",NA
2021,"埼玉","saitama",7,0,3,3,"維新","伊勢田享子","female","ISEDA, MICHIKO",0,44,NA,0,31475,14.06,436985,52.63,NA,NA,NA
2021,"埼玉","saitama",8,1,1,2,"自民","柴山昌彦","male","SHIBAYAMA, MASAHIKO",6,55,NA,1,104650,51.61,365768,56.69,NA,NA,NA
2021,"埼玉","saitama",8,0,2,2,"無所","小野塚勝俊","male","ONOZUKA, MASATOSHI",1,49,NA,2,98102,48.39,365768,56.69,NA,NA,NA
2021,"埼玉","saitama",9,1,1,3,"自民","大塚拓","male","OTSUKA, TAKU",4,48,NA,1,117002,53.37,404689,55.44,NA,NA,NA
2021,"埼玉","saitama",9,0,2,3,"立憲","杉村慎治","male","SUGIMURA, SHINJI",0,45,NA,0,80756,36.84,404689,55.44,NA,NA,NA
2021,"埼玉","saitama",9,0,3,3,"共産","神田三春","male","KANDA, MIHARU",0,67,NA,0,21464,9.79,404689,55.44,NA,NA,NA
2021,"埼玉","saitama",10,1,1,2,"自民","山口晋","male","YAMAGUCHI, SUSUMU",0,38,NA,0,96153,51.59,328163,58.19,1,"父＝山口泰明（衆議院議員）",NA
2021,"埼玉","saitama",10,2,2,2,"立憲","坂本祐之輔","male","SAKAMOTO, YUNOSUKE",2,66,NA,2,90214,48.41,328163,58.19,NA,NA,NA
2021,"埼玉","saitama",11,1,1,3,"自民","小泉龍司","male","KOIZUMI, RYUJI",6,69,NA,1,111810,61.94,351863,52.87,NA,NA,NA
2021,"埼玉","saitama",11,0,2,3,"立憲","島田誠","male","SHIMADA, MAKOTO",0,63,NA,0,49094,27.2,351863,52.87,NA,NA,NA
2021,"埼玉","saitama",11,0,3,3,"共産","小山森也","male","KOYAMA, SHINYA",0,30,NA,0,19619,10.87,351863,52.87,NA,NA,NA
2021,"埼玉","saitama",12,1,1,2,"立憲","森田俊和","male","MORITA, TOSHIKAZU",1,47,NA,1,102627,51.03,369482,55.52,NA,NA,NA
2021,"埼玉","saitama",12,2,2,2,"自民","野中厚","male","NONAKA, ATSUSHI",3,44,NA,1,98493,48.97,369482,55.52,NA,NA,NA
2021,"埼玉","saitama",13,1,1,3,"自民","土屋品子","female","TSUCHIYA, SHINAKO",7,69,NA,1,101149,49.41,400359,52.43,NA,NA,NA
2021,"埼玉","saitama",13,0,2,3,"立憲","三角創太","male","MISUMI, SOTA",0,33,NA,0,86923,42.46,400359,52.43,NA,NA,NA
2021,"埼玉","saitama",13,0,3,3,"共産","赤岸雅治","male","AKAGISHI, MASAHARU",0,60,NA,0,16622,8.12,400359,52.43,NA,NA,NA
2021,"埼玉","saitama",14,1,1,3,"自民","三ツ林裕巳","male","MITSUBAYASHI, HIROMI",3,66,NA,1,111262,51.56,442310,50.08,1,"兄＝三ツ林隆志（衆院議員）、父＝三林弥太郎（衆議院議員）、祖父＝三ッ林幸三（衆院議員）",NA
2021,"埼玉","saitama",14,2,2,3,"国民","鈴木義弘","male","SUGUKI, YOSHIHIRO",2,58,NA,2,71460,33.12,442310,50.08,NA,NA,NA
2021,"埼玉","saitama",14,0,3,3,"共産","田村勉","male","TAMURA, TSUTOMU",0,73,NA,0,33062,15.32,442310,50.08,NA,NA,NA
2021,"埼玉","saitama",15,1,1,3,"自民","田中良生","male","TANAKA, RYOSEI",4,57,NA,1,102023,45.87,422917,53.65,NA,NA,NA
2021,"埼玉","saitama",15,0,2,3,"立憲","高木錬太郎","male","TAKAGI, RENTARO",1,49,NA,1,71958,32.35,422917,53.65,NA,NA,NA
2021,"埼玉","saitama",15,2,3,3,"維新","沢田良","male","SAWADA, RYO",0,42,NA,0,48434,21.78,422917,53.65,NA,NA,NA
2021,"三重","mie",1,1,1,3,"自民","田村憲久","male","TAMURA, NORIHISA",8,56,NA,1,122772,63.09,359419,54.88,1,"伯父＝田村元（衆議院議員）",NA
2021,"三重","mie",1,0,2,3,"立憲","松田直久","male","MATSUDA, NAOHISA",1,67,NA,2,64507,33.15,359419,54.88,NA,NA,NA
2021,"三重","mie",1,0,3,3,"Ｎ党","山田いずみ","female","YAMADA, IZUMI",0,35,NA,0,7329,3.77,359419,54.88,NA,NA,NA
2021,"三重","mie",2,1,1,2,"自民","川崎秀人","male","KAWASAKI, HIDETO",0,39,NA,0,110155,50.23,408281,54.86,1,"父=川崎二郎（衆議院議員）",NA
2021,"三重","mie",2,2,2,2,"立憲","中川正春","male","NAKAGAWA, MASAHARU",8,71,NA,1,109165,49.77,408281,54.86,NA,NA,NA
2021,"三重","mie",3,1,1,2,"立憲","岡田克也","male","OKADA, KATSUYA",10,68,NA,1,144688,64.05,414312,55.31,NA,NA,NA
2021,"三重","mie",3,2,2,2,"自民","石原正敬","male","ISHIHARA, MASATAKA",0,49,NA,0,81209,35.95,414312,55.31,NA,NA,NA
2021,"三重","mie",4,1,1,3,"自民","鈴木英敬","male","SUZUKI, EIKEI",0,47,NA,0,128753,72.36,297002,60.76,NA,NA,NA
2021,"三重","mie",4,0,2,3,"立憲","坊農秀治","male","BOUNO, SHUJI",0,49,NA,0,41311,23.22,297002,60.76,NA,NA,NA
2021,"三重","mie",4,0,3,3,"共産","中川民英","male","NAKAGAWA, MINEI",0,54,NA,0,7882,4.43,297002,60.76,NA,NA,NA
2021,"山形","yamagata",1,1,1,2,"自民","遠藤利明","male","ENDO, TOSHIAKI",8,71,NA,1,110688,59.97,303982,61.59,NA,NA,NA
2021,"山形","yamagata",1,0,2,2,"立憲","原田和広","male","HARADA, MASAHIRO",0,48,NA,0,73872,40.03,303982,61.59,NA,NA,NA
2021,"山形","yamagata",2,1,1,2,"自民","鈴木憲和","male","SUZUKI, NORIKAZU",3,39,NA,1,125992,61.84,313967,65.71,NA,NA,NA
2021,"山形","yamagata",2,0,2,2,"国民","加藤健一","male","KATO, KENICHI",0,40,NA,0,77742,38.16,313967,65.71,NA,NA,NA
2021,"山形","yamagata",3,1,1,3,"自民","加藤鮎子","female","KATO, AYUKO",2,42,NA,1,108558,58.06,287642,65.74,1,"父＝加藤紘一、祖父＝加藤精三（衆議院議員）",NA
2021,"山形","yamagata",3,0,2,3,"無所","阿部ひとみ","female","ABE, HITOMI",0,60,NA,0,66320,35.47,287642,65.74,NA,NA,NA
2021,"山形","yamagata",3,0,3,3,"共産","梅木威","male","UMEKI, TAKESHI",0,62,NA,0,12100,6.47,287642,65.74,NA,NA,NA
2021,"山口","yamaguchi",1,1,1,2,"自民","高村正大","male","KOMURA, MASAHIRO",1,50,NA,1,118882,70.11,356209,48.5,NA,NA,NA
2021,"山口","yamaguchi",1,0,2,2,"立憲","大内一也","male","OUCHI, KAZUYA",0,48,NA,0,50684,29.89,356209,48.5,NA,NA,NA
2021,"山口","yamaguchi",2,1,1,2,"自民","岸信夫","male","KISHI, NOBUO",3,62,NA,1,109914,76.94,283552,51.61,NA,NA,NA
2021,"山口","yamaguchi",2,0,2,2,"共産","松田一志","male","MATSUDA, KAZUSHI",0,64,NA,0,32936,23.06,283552,51.61,NA,NA,NA
2021,"山口","yamaguchi",3,1,1,2,"自民","林芳正","male","HAYASHI, YOSHIMASA",0,60,NA,0,96983,76.94,256039,50.14,NA,NA,NA
2021,"山口","yamaguchi",3,0,2,2,"立憲","坂本史子","female","SAKAMOTO, FUMIKO",0,66,NA,0,29073,23.06,256039,50.14,NA,NA,NA
2021,"山口","yamaguchi",4,1,1,3,"自民","安倍晋三","male","ABE, SHINZO",9,67,NA,1,80448,69.72,244858,48.64,1,"父＝安倍晋太郎（衆議院議員）",NA
2021,"山口","yamaguchi",4,0,2,3,"れい","竹村克司","male","TAKEMURA, KATSUSHI",0,49,NA,0,19096,16.55,244858,48.64,NA,NA,NA
2021,"山口","yamaguchi",4,0,3,3,"無所","大野頼子","female","ONO, YORIKO",0,47,NA,0,15836,13.73,244858,48.64,NA,NA,NA
2021,"山梨","yamanashi",1,1,1,3,"自民","中谷真一","male","NAKATANI, SHINICHI",3,45,NA,1,125325,50.46,424441,59.49,NA,NA,NA
2021,"山梨","yamanashi",1,2,2,3,"立憲","中島克仁","male","NAKJIMA, KATSUHITO",3,54,NA,1,118223,47.6,424441,59.49,NA,NA,NA
2021,"山梨","yamanashi",1,0,3,3,"Ｎ党","辺見信介","male","HENMI, NOBUYUKI",0,57,NA,0,4826,1.94,424441,59.49,NA,NA,NA
2021,"山梨","yamanashi",2,1,1,3,"自民","堀内詔子","female","HORIUCHI, SHOKO",3,56,NA,1,109036,67.93,262259,62.31,1,"義父＝堀内光雄（衆院議員）",NA
2021,"山梨","yamanashi",2,0,2,3,"立憲","市来伴子","female","ICHIKI, BANKO",0,44,NA,0,44441,27.69,262259,62.31,NA,NA,NA
2021,"山梨","yamanashi",2,0,3,3,"共産","大久保令子","female","OKUBO, REIKO",0,71,NA,0,7027,4.38,262259,62.31,NA,NA,NA
2021,"滋賀","shiga",1,1,1,3,"自民","大岡敏孝","male","OOKA, TOSHITAKA",3,49,NA,1,97482,52.22,324354,58.9,NA,NA,NA
2021,"滋賀","shiga",1,2,2,3,"国民","斎藤アレックス","male","SAITO, ALEX",0,36,NA,0,84106,45.05,324354,58.9,NA,NA,NA
2021,"滋賀","shiga",1,0,3,3,"Ｎ党","日高千穂","female","HIDAKA, CHIHO",0,42,NA,0,5092,2.73,324354,58.9,NA,NA,NA
2021,"滋賀","shiga",2,1,1,2,"自民","上野賢一郎","male","UENO KENICHIRO",4,56,NA,1,83502,56.57,263110,56.93,NA,NA,NA
2021,"滋賀","shiga",2,0,2,2,"立憲","田島一成","male","TAJIMA, ISSEI",4,59,NA,2,64119,43.43,263110,56.93,NA,NA,NA
2021,"滋賀","shiga",3,1,1,4,"自民","武村展英","male","TAKEMURA, NORIHIDE",3,49,NA,1,81888,52.79,274521,57.43,NA,NA,NA
2021,"滋賀","shiga",3,0,2,4,"維新","直山仁","male","NAOYAMA, HITOSHI",0,49,NA,0,41593,26.81,274521,57.43,NA,NA,NA
2021,"滋賀","shiga",3,0,3,4,"共産","佐藤耕平","male","SATO, KOHEI",0,39,NA,0,20423,13.17,274521,57.43,NA,NA,NA
2021,"滋賀","shiga",3,0,4,4,"れい","高井崇志","male","TAKAI, TAKASHI",3,52,NA,1,11227,7.24,274521,57.43,NA,NA,NA
2021,"滋賀","shiga",4,1,1,2,"自民","小寺裕雄","male","KOTERA, HIRO",1,61,NA,1,86762,54.61,291102,55.83,NA,NA,NA
2021,"滋賀","shiga",4,2,2,2,"立憲","徳永久志","male","TOKUNAGA, HISASHI",0,58,NA,0,72116,45.39,291102,55.83,NA,NA,NA
2021,"鹿児島","kagoshima",1,1,1,2,"自民","宮路拓馬","male","MIYAJI, TAKUMA",2,41,NA,1,101251,53.15,358070,54.1,NA,NA,NA
2021,"鹿児島","kagoshima",1,0,2,2,"立憲","川内博史","male","KAWAUCHI, HIROSHI",6,59,NA,1,89232,46.85,358070,54.1,NA,NA,NA
2021,"鹿児島","kagoshima",2,1,1,3,"無所","三反園訓","male","MITAZONO, SATOSHI",0,63,NA,0,92614,47.7,337186,58.58,NA,NA,NA
2021,"鹿児島","kagoshima",2,0,2,3,"自民","金子万寿夫","male","KANEKO, MASUO",3,74,NA,1,80469,41.44,337186,58.58,NA,NA,NA
2021,"鹿児島","kagoshima",2,0,3,3,"共産","松崎真琴","female","MATSUZAKI, MAKOTO",0,63,NA,0,21084,10.86,337186,58.58,NA,NA,NA
2021,"鹿児島","kagoshima",3,1,1,2,"立憲","野間健","male","NOMA, KEN",2,63,NA,2,104053,53.87,318530,61.39,NA,NA,NA
2021,"鹿児島","kagoshima",3,2,2,2,"自民","小里泰弘","male","OZATO, YASUHIRO",5,63,NA,1,89110,46.13,318530,61.39,1,"父＝小里貞利（衆議院議員）",NA
2021,"鹿児島","kagoshima",4,1,1,3,"自民","森山裕","male","MORIYAMA, HIROSHI",6,76,NA,1,127131,69.54,325670,57.16,NA,NA,NA
2021,"鹿児島","kagoshima",4,0,2,3,"社民","米永淳子","female","YONENAGA, ATSUKO",0,58,NA,0,49077,26.84,325670,57.16,NA,NA,NA
2021,"鹿児島","kagoshima",4,0,3,3,"Ｎ党","宮川直輝","male","MIYAGAWA, NAOKI",0,48,NA,0,6618,3.62,325670,57.16,NA,NA,NA
2021,"秋田","akita",1,1,1,2,"自民","冨樫博之","male","TOGASHI, HIROYUKI",3,66,NA,1,77960,51.86,261956,58.18,NA,NA,NA
2021,"秋田","akita",1,2,2,2,"立憲","寺田学","male","TERADA, MANABU",5,45,NA,1,72366,48.14,261956,58.18,NA,NA,NA
2021,"秋田","akita",2,1,1,2,"立憲","緑川貴士","male","MIDORIKAWA, TAKASHI",1,36,NA,1,81845,52.54,258567,61.23,NA,NA,NA
2021,"秋田","akita",2,2,2,2,"自民","金田勝年","male","KANEDA, KATSUTOSHI",4,72,NA,1,73945,47.46,258567,61.23,NA,NA,NA
2021,"秋田","akita",3,1,1,2,"自民","御法川信英","male","MINORIKAWA, NOBUHIDE",5,57,NA,1,134734,77.95,320409,55.89,1,"父＝御法川英文（衆議院議員）",NA
2021,"秋田","akita",3,0,2,2,"共産","杉山彰","male","SUGIYAMA, AKIRA",0,55,NA,0,38118,22.05,320409,55.89,NA,NA,NA
2021,"新潟","niigata",1,1,1,3,"立憲","西村智奈美","female","NISHIMURA, CHINAMI",5,54,NA,1,127365,52.57,434016,57.25,NA,NA,NA
2021,"新潟","niigata",1,2,2,3,"自民","塚田一郎","male","TSUKADA, ICHIRO",0,57,NA,0,96591,39.87,434016,57.25,NA,NA,NA
2021,"新潟","niigata",1,0,3,3,"維新","石崎徹","male","ISHIZAKI, TORU",3,37,NA,2,18333,7.57,434016,57.25,NA,NA,NA
2021,"新潟","niigata",2,1,1,3,"自民","細田健一","male","HOSODA, KENICHI",3,57,NA,1,105426,59.91,288107,62.66,NA,NA,NA
2021,"新潟","niigata",2,0,2,3,"国民","高倉栄","male","TAKAKURA, SAKAE",0,50,NA,0,37157,21.11,288107,62.66,NA,NA,NA
2021,"新潟","niigata",2,0,3,3,"共産","平あや子","female","TAIRA, AYAKO",0,41,NA,0,33399,18.98,288107,62.66,NA,NA,NA
2021,"新潟","niigata",3,1,1,2,"自民","斎藤洋明","male","SAITO, HIROAKI",3,44,NA,1,102564,53.61,298289,65.04,NA,NA,NA
2021,"新潟","niigata",3,0,2,2,"立憲","黒岩宇洋","male","KUROIWA, TAKAHIRO",3,55,NA,1,88744,46.39,298289,65.04,NA,NA,NA
2021,"新潟","niigata",4,1,1,2,"立憲","菊田真紀子","female","KIKUTA, MAKIKO",6,52,NA,1,97494,50.06,307471,64.17,NA,NA,NA
2021,"新潟","niigata",4,2,2,2,"自民","国定勇人","male","KUNISADA, ISATO",0,49,NA,0,97256,49.94,307471,64.17,NA,NA,NA
2021,"新潟","niigata",5,1,1,3,"無所","米山隆一","male","YONEYAMA, RYOICHI",0,54,NA,0,79447,44.96,275224,65.2,NA,NA,NA
2021,"新潟","niigata",5,2,2,3,"自民","泉田裕彦","male","IZUMIDA, HIROHIKO",1,59,NA,1,60837,34.43,275224,65.2,NA,NA,NA
2021,"新潟","niigata",5,0,3,3,"無所","森民夫","male","MORI, TAMIO",0,72,NA,0,36422,20.61,275224,65.2,NA,NA,NA
2021,"新潟","niigata",6,1,1,3,"立憲","梅谷守","male","UMETANI, MAMORU",0,47,NA,0,90679,49.57,272966,67.79,NA,NA,NA
2021,"新潟","niigata",6,2,2,3,"自民","高鳥修一","male","TAKATORI, SHUICHI",4,61,NA,1,90549,49.5,272966,67.79,1,"父＝高島修（衆議院議員）",NA
2021,"新潟","niigata",6,0,3,3,"無所","神鳥古賛","male","KANDORI, KOSAN",0,53,NA,0,1711,0.94,272966,67.79,NA,NA,NA
2021,"青森","aomori",1,1,1,3,"自民","江渡聡徳","male","ETO, AKINORI",7,66,NA,1,91011,52.41,342174,51.84,NA,NA,NA
2021,"青森","aomori",1,0,2,3,"立憲","升田世喜男","male","MASUTA, SEKIO",1,64,NA,2,64870,37.35,342174,51.84,NA,NA,NA
2021,"青森","aomori",1,0,3,3,"共産","斎藤美緒","female","SAITO, MIO",0,41,NA,0,17783,10.24,342174,51.84,NA,NA,NA
2021,"青森","aomori",2,1,1,3,"自民","神田潤一","male","KANDA, JUNICHI",0,51,NA,0,126137,61.53,389510,53.56,NA,NA,NA
2021,"青森","aomori",2,0,2,3,"立憲","高畑紀子","female","TAKAHATA, NORIKO",0,58,NA,0,65909,32.15,389510,53.56,NA,NA,NA
2021,"青森","aomori",2,0,3,3,"共産","田端深雪","female","TABATA, MIYUKI",0,64,NA,0,12966,6.32,389510,53.56,NA,NA,NA
2021,"青森","aomori",3,1,1,3,"自民","木村次郎","male","KIMURA, JIRO",1,53,NA,1,118230,64.95,347625,53.29,NA,NA,NA
2021,"青森","aomori",3,0,2,3,"立憲","山内崇","male","YAMAUCHI, TAKASHI",0,66,NA,0,63796,35.05,347625,53.29,NA,NA,NA
2021,"静岡","shizuoka",1,1,1,4,"自民","上川陽子","female","KAMIKAWA, YOKO",6,68,NA,1,101868,52.35,387132,50.99,NA,NA,NA
2021,"静岡","shizuoka",1,0,2,4,"立憲","遠藤行洋","male","ENDO, YUKIHIRO",0,59,NA,0,53974,27.74,387132,50.99,NA,NA,NA
2021,"静岡","shizuoka",1,0,3,4,"国民","高橋美穂","female","TAKAHASHI, MIHO",1,56,NA,2,21074,10.83,387132,50.99,NA,NA,NA
2021,"静岡","shizuoka",1,0,4,4,"維新","青山雅幸","male","AOYAMA, MASAYUKI",1,59,NA,1,17667,9.08,387132,50.99,NA,NA,NA
2021,"静岡","shizuoka",2,1,1,3,"自民","井林辰憲","male","IBAYASHI, TATSUNORI",3,45,NA,1,131082,61.11,388436,56.11,NA,NA,NA
2021,"静岡","shizuoka",2,0,2,3,"立憲","福村隆","male","FUKUMURA, TAKASHI",0,58,NA,0,71032,33.11,388436,56.11,NA,NA,NA
2021,"静岡","shizuoka",2,0,3,3,"共産","山口祐樹","male","YAMAGUCHI, YUKI",0,31,NA,0,12396,5.78,388436,56.11,NA,NA,NA
2021,"静岡","shizuoka",3,1,1,2,"立憲","小山展弘","male","KOYAMA, NOBUHIRO",2,45,NA,2,112464,52.74,371829,58.14,NA,NA,NA
2021,"静岡","shizuoka",3,2,2,2,"自民","宮沢博行","male","MIYAZAWA, HIROYUKI",3,46,NA,1,100775,47.26,371829,58.14,NA,NA,NA
2021,"静岡","shizuoka",4,1,1,3,"自民","深沢陽一","male","FUKAZAWA, YOICHI",1,45,NA,1,84154,53.3,320374,50.07,NA,NA,NA
2021,"静岡","shizuoka",4,2,2,3,"国民","田中健","male","TANAKA, KEN",0,44,NA,0,49305,31.23,320374,50.07,NA,NA,NA
2021,"静岡","shizuoka",4,0,3,3,"維新","中村憲一","male","NAKAMURA, KENICHI",0,47,NA,0,24441,15.48,320374,50.07,NA,NA,NA
2021,"静岡","shizuoka",5,1,1,4,"無所","細野豪志","male","HOSONO, GOSHI",7,50,NA,1,127580,51.81,458636,54.39,NA,NA,NA
2021,"静岡","shizuoka",5,2,2,4,"自民","吉川赳","male","YOSHIKAWA, TAKERU",2,39,NA,1,61337,24.91,458636,54.39,NA,NA,NA
2021,"静岡","shizuoka",5,0,3,4,"立憲","小野範和","male","ONO, NORIKAZU",0,48,NA,0,51965,21.1,458636,54.39,NA,NA,NA
2021,"静岡","shizuoka",5,0,4,4,"諸派","千田光","male","CHIDA, HIKARU",0,43,NA,0,5350,2.17,458636,54.39,NA,NA,NA
2021,"静岡","shizuoka",6,1,1,3,"自民","勝俣孝明","male","KATSUMATA, TAKAAKI",3,45,NA,1,104178,46.09,425131,53.77,NA,NA,NA
2021,"静岡","shizuoka",6,2,2,3,"立憲","渡辺周","male","WATANABE, SHU",8,59,NA,1,99758,44.14,425131,53.77,1,"父＝渡辺朗（衆議院議員）",NA
2021,"静岡","shizuoka",6,0,3,3,"維新","山下洸棋","male","YAMASHITA, KOKI",0,30,NA,0,22086,9.77,425131,53.77,NA,NA,NA
2021,"静岡","shizuoka",7,1,1,2,"自民","城内実","male","KIUCHI, MINORU",5,56,NA,1,130024,68.16,328735,58.72,NA,NA,NA
2021,"静岡","shizuoka",7,0,2,2,"立憲","日吉雄太","male","HIYOSHI, YUTA",1,53,NA,1,60726,31.84,328735,58.72,NA,NA,NA
2021,"静岡","shizuoka",8,1,1,2,"立憲","源馬謙太郎","male","GENMA, KENTARO",1,48,NA,1,114210,55.82,367189,56.47,NA,NA,NA
2021,"静岡","shizuoka",8,2,2,2,"自民","塩谷立","male","SHIONOYA, RYU",9,71,NA,1,90408,44.18,367189,56.47,1,"父＝塩谷一夫（衆議院議員）",NA
2021,"石川","ishikawa",1,1,1,4,"自民","小森卓郎","male","KOMORI, TAKUO",0,51,NA,0,88321,46.14,376122,52.2,NA,NA,NA
2021,"石川","ishikawa",1,0,2,4,"立憲","荒井淳志","male","ARAI, ATSUSHI",0,27,NA,0,48491,25.33,376122,52.2,NA,NA,NA
2021,"石川","ishikawa",1,0,3,4,"維新","小林誠","male","KOBAYASHI, MAKOTO",0,44,NA,0,45663,23.86,376122,52.2,NA,NA,NA
2021,"石川","ishikawa",1,0,4,4,"共産","亀田良典","male","KAMEDA, RYOSUKE",0,72,NA,0,8930,4.67,376122,52.2,NA,NA,NA
2021,"石川","ishikawa",2,1,1,3,"自民","佐々木紀","male","SASAKI, HAJIME",3,47,NA,1,137032,78.43,325273,56.13,NA,NA,NA
2021,"石川","ishikawa",2,0,2,3,"共産","坂本浩","male","SAKAMOTO, HIROSHI",0,57,NA,0,27049,15.48,325273,56.13,NA,NA,NA
2021,"石川","ishikawa",2,0,3,3,"無所","山本保彦","male","YAMAMOTO, YASUHIKO",0,68,NA,0,10632,6.09,325273,56.13,NA,NA,NA
2021,"石川","ishikawa",3,1,1,3,"自民","西田昭二","male","NISHIDA, SHOJI",1,52,NA,1,80692,50.74,243618,66.09,NA,NA,NA
2021,"石川","ishikawa",3,2,2,3,"立憲","近藤和也","male","KONDO, KAZUYA",2,47,NA,1,76747,48.26,243618,66.09,NA,NA,NA
2021,"石川","ishikawa",3,0,3,3,"無所","倉知昭一","male","KURACHI, SHOICHI",0,85,NA,0,1588,1,243618,66.09,NA,NA,NA
2021,"千葉","chiba",1,1,1,3,"立憲","田嶋要","male","TAJIMA, KANAME",6,60,NA,1,128556,56.27,430513,54.51,NA,NA,NA
2021,"千葉","chiba",1,2,2,3,"自民","門山宏哲","male","KADOYAMA, HIROAKI",3,57,NA,1,99895,43.73,430513,54.51,NA,NA,NA
2021,"千葉","chiba",2,1,1,4,"自民","小林鷹之","male","KOBAYASHI, TAKAYUKI",3,46,NA,1,153017,62.04,460509,54.65,NA,NA,NA
2021,"千葉","chiba",2,0,2,4,"立憲","黒田雄","male","KURODA, YU",1,62,NA,2,69583,28.21,460509,54.65,NA,NA,NA
2021,"千葉","chiba",2,0,3,4,"共産","寺尾賢","male","TERAO, KEN",0,45,NA,0,24052,9.75,460509,54.65,NA,NA,NA
2021,"千葉","chiba",3,1,1,3,"自民","松野博一","male","MATSUNO, HIROKAZU",7,59,NA,1,106500,61.87,336241,52.36,NA,NA,NA
2021,"千葉","chiba",3,0,2,3,"立憲","岡島一正","male","OKAJIMA, KAZUMASA",3,63,NA,1,65627,38.13,336241,52.36,1,"父＝岡島正之（衆院議員）",NA
2021,"千葉","chiba",4,1,1,3,"立憲","野田佳彦","male","NODA, YOSHIHIKO",8,64,NA,1,154412,64.55,463083,52.69,NA,NA,NA
2021,"千葉","chiba",4,0,2,3,"自民","木村哲也","male","KIMURA, TETSUYA",1,52,NA,1,84813,35.45,463083,52.69,NA,NA,NA
2021,"千葉","chiba",5,1,1,4,"自民","薗浦健太郎","male","SONOURA, KENTARO",4,49,NA,1,111985,46.97,450365,54.07,NA,NA,NA
2021,"千葉","chiba",5,0,2,4,"立憲","矢崎堅太郎","male","YAZAKI, KENTARO",0,54,NA,0,69887,29.31,450365,54.07,NA,NA,NA
2021,"千葉","chiba",5,0,3,4,"維新","椎木保","male","SHIKI, TAMOTSU",2,55,NA,2,32241,13.52,450365,54.07,NA,NA,NA
2021,"千葉","chiba",5,0,4,4,"国民","鴇田敦","male","TOKITA, ATSUSHI",0,55,NA,0,24307,10.19,450365,54.07,NA,NA,NA
2021,"千葉","chiba",6,1,1,4,"自民","渡辺博道","male","WATANABE, HIROMICHI",7,71,NA,1,80764,42.48,369609,52.99,NA,NA,NA
2021,"千葉","chiba",6,2,2,4,"維新","藤巻健太","male","FUJIMAKI, KENTA",0,38,NA,0,48829,25.68,369609,52.99,NA,NA,NA
2021,"千葉","chiba",6,0,3,4,"共産","浅野史子","female","ASANO, FUMIKO",0,51,NA,0,32444,17.07,369609,52.99,NA,NA,NA
2021,"千葉","chiba",6,0,4,4,"無所","生方幸夫","male","UBUKATA, YUKIO",6,74,NA,1,28083,14.77,369609,52.99,NA,NA,NA
2021,"千葉","chiba",7,1,1,4,"自民","斎藤健","male","SAITO, KEN",4,62,NA,1,127548,54.99,434040,54.54,NA,NA,NA
2021,"千葉","chiba",7,0,2,4,"立憲","竹内千春","female","TAKEUCHI, CHIHARU",0,53,NA,0,71048,30.63,434040,54.54,NA,NA,NA
2021,"千葉","chiba",7,0,3,4,"維新","内山晃","male","UCHIYAMA, AKIRA",3,67,NA,2,28594,12.33,434040,54.54,NA,NA,NA
2021,"千葉","chiba",7,0,4,4,"Ｎ党","渡辺晋宏","male","WATANABE, KUNIHIRO",0,36,NA,0,4749,2.05,434040,54.54,NA,NA,NA
2021,"千葉","chiba",8,1,1,3,"立憲","本庄知史","male","HONJO, SATOSHI",0,47,NA,0,135125,59.65,423866,56.16,NA,NA,NA
2021,"千葉","chiba",8,2,2,3,"自民","桜田義孝","male","SAKURADA, YOSHITAKA",7,71,NA,1,81556,36,423866,56.16,NA,NA,NA
2021,"千葉","chiba",8,0,3,3,"無所","宮岡進一郎","male","MIYAOKA, SHINICHIRO",0,80,NA,0,9845,4.35,423866,56.16,NA,NA,NA
2021,"千葉","chiba",9,1,1,2,"立憲","奥野総一郎","male","OKUNO, SOICHIRO",4,57,NA,1,107322,51.09,407331,53.01,NA,NA,NA
2021,"千葉","chiba",9,2,2,2,"自民","秋本真利","male","AKIMOTO, MASATOSHI",3,46,NA,1,102741,48.91,407331,53.01,NA,NA,NA
2021,"千葉","chiba",10,1,1,4,"自民","林幹雄","male","HAYASHI, MOTOO",9,74,NA,1,83822,47.29,341141,53.28,1,"父＝林大幹（衆議院議員）",NA
2021,"千葉","chiba",10,2,2,4,"立憲","谷田川元","male","YATAGAWA, HAJIME",2,58,NA,1,80971,45.68,341141,53.28,NA,NA,NA
2021,"千葉","chiba",10,0,3,4,"諸派","梓まり","female","AZUSA, MARI",0,50,NA,0,10272,5.8,341141,53.28,NA,NA,NA
2021,"千葉","chiba",10,0,4,4,"無所","今留尚人","male","IMADOME, NAOTO",0,56,NA,0,2173,1.23,341141,53.28,NA,NA,NA
2021,"千葉","chiba",11,1,1,3,"自民","森英介","male","MORI, EISUKE",10,73,NA,1,110538,64.44,351570,51.38,1,"父＝森美秀（衆議院議員）",NA
2021,"千葉","chiba",11,0,2,3,"共産","椎名史明","male","SHINA, FUMIAKI",0,64,NA,0,30557,17.81,351570,51.38,NA,NA,NA
2021,"千葉","chiba",11,2,3,3,"れい","多ケ谷亮","male","TAGAYA, RYO",0,52,NA,0,30432,17.74,351570,51.38,NA,NA,NA
2021,"千葉","chiba",12,1,1,3,"自民","浜田靖一","male","HAMADA, YASUKAZU",9,66,NA,1,123210,64.01,380864,52.2,1,"父＝浜田幸一（衆議院議員）",NA
2021,"千葉","chiba",12,0,2,3,"立憲","樋高剛","male","HIDAKA, TAKESHI",3,55,NA,2,56747,29.48,380864,52.2,NA,NA,NA
2021,"千葉","chiba",12,0,3,3,"共産","葛原茂","male","KUZUHARA, SHIGERU",0,70,NA,0,12530,6.51,380864,52.2,NA,NA,NA
2021,"千葉","chiba",13,1,1,3,"自民","松本尚","male","MATSUMOTO, HISASHI",0,59,NA,0,100227,45.07,416857,54.49,NA,NA,NA
2021,"千葉","chiba",13,0,2,3,"立憲","宮川伸","male","MIYAKAWA, SHIN",1,51,NA,1,79687,35.83,416857,54.49,NA,NA,NA
2021,"千葉","chiba",13,0,3,3,"維新","清水聖士","male","SHIMIZU, KIYOSHI",0,60,NA,0,42473,19.1,416857,54.49,NA,NA,NA
2021,"大阪","osaka",1,1,1,4,"維新","井上英孝","male","INOUE, HIDETAKA",3,50,NA,1,110120,49.4,427637,53.27,NA,NA,NA
2021,"大阪","osaka",1,0,2,4,"自民","大西宏幸","male","ONISHI, HIROYUKI",2,54,NA,1,67145,30.12,427637,53.27,NA,NA,NA
2021,"大阪","osaka",1,0,3,4,"立憲","村上賀厚","male","MURAKAMI, NORIATSU",0,62,NA,0,28477,12.77,427637,53.27,NA,NA,NA
2021,"大阪","osaka",1,0,4,4,"共産","竹内祥倫","male","TAKEUCHI, YOSHINORI",0,39,NA,0,17194,7.71,427637,53.27,NA,NA,NA
2021,"大阪","osaka",2,1,1,3,"維新","守島正","male","MORISHIMA, TADASHI",0,40,NA,0,120913,48.49,446933,56.98,NA,NA,NA
2021,"大阪","osaka",2,0,2,3,"自民","左藤章","male","SATO, AKIRA",5,70,NA,1,80937,32.46,446933,56.98,1,"義父＝左藤恵（衆院議員）",NA
2021,"大阪","osaka",2,0,3,3,"立憲","尾辻かな子","female","OTSUJI, KANAKO",1,46,NA,1,47487,19.05,446933,56.98,NA,NA,NA
2021,"大阪","osaka",3,1,1,4,"公明","佐藤茂樹","male","SATO, SHIGEKI",9,62,NA,1,79507,44.65,367518,53.87,NA,NA,NA
2021,"大阪","osaka",3,0,2,4,"立憲","萩原仁","male","HAGIWARA, HITOSHI",1,54,NA,2,41737,23.44,367518,53.87,NA,NA,NA
2021,"大阪","osaka",3,0,3,4,"共産","渡部結","female","WATANABE, YUI",0,40,NA,0,38170,21.44,367518,53.87,NA,NA,NA
2021,"大阪","osaka",3,0,4,4,"無所","中条栄太郎","male","CHUJO, EITARO",0,52,NA,0,18637,10.47,367518,53.87,NA,NA,NA
2021,"大阪","osaka",4,1,1,4,"維新","美延映夫","male","MINOBE, TERUO",1,60,NA,1,107585,46.15,408256,58.33,NA,NA,NA
2021,"大阪","osaka",4,0,2,4,"自民","中山泰秀","male","NAKAYAMA, YASUHIDE",5,51,NA,1,72835,31.24,408256,58.33,1,"父＝中山正輝（衆議院議員）",NA
2021,"大阪","osaka",4,0,3,4,"立憲","吉田治","male","YOSHIDA, OSAMU",4,59,NA,2,28254,12.12,408256,58.33,NA,NA,NA
2021,"大阪","osaka",4,0,4,4,"共産","清水忠史","male","SHIMIZU, TADAFUMI",2,53,NA,1,24469,10.5,408256,58.33,NA,NA,NA
2021,"大阪","osaka",5,1,1,4,"公明","国重徹","male","KOKUJU, TORU",3,46,NA,1,106508,53.14,431558,52.98,NA,NA,NA
2021,"大阪","osaka",5,2,2,4,"共産","宮本岳志","male","MIYAMOTO, TAKESHI",4,61,NA,2,48248,24.07,431558,52.98,NA,NA,NA
2021,"大阪","osaka",5,2,3,4,"れい","大石晃子","female","OISHI, AKIKO",0,44,NA,0,34202,17.07,431558,52.98,NA,NA,NA
2021,"大阪","osaka",5,0,4,4,"無所","籠池諄子","female","KAGOIKE, JUNKO",0,64,NA,0,11458,5.72,431558,52.98,NA,NA,NA
2021,"大阪","osaka",6,1,1,3,"公明","伊佐進一","male","ISA, SHINICHI",3,46,NA,1,106878,54.82,391045,54.27,NA,NA,NA
2021,"大阪","osaka",6,0,2,3,"立憲","村上史好","male","MURAKAMI, FUMIYOSHI",3,69,NA,1,59191,30.36,391045,54.27,NA,NA,NA
2021,"大阪","osaka",6,0,3,3,"無所","星健太郎","male","HOSHI, KENTARO",0,41,NA,0,28895,14.82,391045,54.27,NA,NA,NA
2021,"大阪","osaka",7,1,1,5,"維新","奥下剛光","male","OKUSHITA, TAKEMITSU",0,46,NA,0,102486,45.34,382714,60.02,NA,NA,NA
2021,"大阪","osaka",7,0,2,5,"自民","渡嘉敷奈緒美","female","TOKASHIKI, NAOMI",4,59,NA,1,71592,31.67,382714,60.02,NA,NA,NA
2021,"大阪","osaka",7,0,3,5,"立憲","乃木涼介","male","NOGI, RYOSUKE",0,57,NA,0,24952,11.04,382714,60.02,NA,NA,NA
2021,"大阪","osaka",7,0,4,5,"共産","川添健真","male","KAWASOE, TATSUMA",0,39,NA,0,20083,8.88,382714,60.02,NA,NA,NA
2021,"大阪","osaka",7,0,5,5,"れい","西川弘城","male","NISHIKAWA, HIROKI",0,56,NA,0,6927,3.06,382714,60.02,NA,NA,NA
2021,"大阪","osaka",8,1,1,3,"維新","漆間譲司","male","URUMA, JOJI",0,47,NA,0,105073,53.23,337105,59.75,NA,NA,NA
2021,"大阪","osaka",8,0,2,3,"自民","高麗啓一郎","male","KORAI, KEIICHIRO",0,41,NA,0,53877,27.29,337105,59.75,NA,NA,NA
2021,"大阪","osaka",8,0,3,3,"立憲","松井博史","male","MATSUI, HIROFUMI",0,53,NA,0,38458,19.48,337105,59.75,NA,NA,NA
2021,"大阪","osaka",9,1,1,4,"維新","足立康史","male","ADACHI, YASUSHI",3,56,NA,1,133146,50.35,456232,59.08,NA,NA,NA
2021,"大阪","osaka",9,0,2,4,"自民","原田憲治","male","HARADA, KENJI",4,73,NA,1,83776,31.68,456232,59.08,1,"父＝原田憲（衆院議員）",NA
2021,"大阪","osaka",9,0,3,4,"社民","大椿裕子","female","OTSUBAKI, YUKO",0,48,NA,0,42165,15.94,456232,59.08,NA,NA,NA
2021,"大阪","osaka",9,0,4,4,"無所","磯部和哉","male","ISOBE, KAZUYA",0,49,NA,0,5369,2.03,456232,59.08,NA,NA,NA
2021,"大阪","osaka",10,1,1,3,"維新","池下卓","male","IKESHITA, TAKU",0,46,NA,0,80932,40.32,320990,63.32,NA,NA,NA
2021,"大阪","osaka",10,0,2,3,"立憲","辻元清美","female","TSUJIMOTO, KIYOMI",7,61,NA,1,66943,33.35,320990,63.32,NA,NA,NA
2021,"大阪","osaka",10,0,3,3,"自民","大隈和英","male","OKUMA, KAZUHIDE",2,52,NA,1,52843,26.33,320990,63.32,NA,NA,NA
2021,"大阪","osaka",11,1,1,2,"維新","中司宏","male","NAKATSUKA, HIROSHI",0,65,NA,0,105746,44.69,398749,60.57,NA,NA,NA
2021,"大阪","osaka",11,0,2,2,"自民","佐藤ゆかり","female","SATO, YUKARI",3,60,NA,1,70568,29.83,398749,60.57,NA,NA,NA
2021,"大阪","osaka",11,0,3,2,"立憲","平野博文","male","HIRANO, HIROFUMI",7,72,NA,1,60281,25.48,398749,60.57,NA,NA,NA
2021,"大阪","osaka",12,1,1,4,"維新","藤田文武","male","FUJITA, FUMITAKE",1,40,NA,1,94003,51.19,339395,55,NA,NA,NA
2021,"大阪","osaka",12,0,2,4,"自民","北川晋平","male","KITAGAWA, SHINPEI",0,34,NA,0,59304,32.29,339395,55,NA,NA,NA
2021,"大阪","osaka",12,0,3,4,"立憲","宇都宮優子","female","UTSUNOMIYA, YUKO",0,45,NA,0,17730,9.65,339395,55,NA,NA,NA
2021,"大阪","osaka",12,0,4,4,"共産","松尾正利","male","MATSUO, MASANORI",0,62,NA,0,12614,6.87,339395,55,NA,NA,NA
2021,"大阪","osaka",13,1,1,3,"維新","岩谷良平","male","IWATANI, RYOHEI",0,41,NA,0,101857,48.47,400235,53.43,NA,NA,NA
2021,"大阪","osaka",13,2,2,3,"自民","宗清皇一","male","MUNEKIYO, KOICHI",2,51,NA,1,85321,40.6,400235,53.43,NA,NA,NA
2021,"大阪","osaka",13,0,3,3,"共産","神野淳一","male","KAMINO, JUNICHI",0,45,NA,0,22982,10.94,400235,53.43,NA,NA,NA
2021,"大阪","osaka",14,1,1,3,"維新","青柳仁士","male","AOYAGI, HITOSHI",0,42,NA,0,126307,55.67,421826,55.28,NA,NA,NA
2021,"大阪","osaka",14,0,2,3,"自民","長尾敬","male","NAGAO, TAKASHI",3,58,NA,1,70029,30.87,421826,55.28,NA,NA,NA
2021,"大阪","osaka",14,0,3,3,"共産","小松久","male","KOMATSU, HISASHI",0,64,NA,0,30547,13.46,421826,55.28,NA,NA,NA
2021,"大阪","osaka",15,1,1,3,"維新","浦野靖人","male","URANO, YASUTO",3,48,NA,1,114861,54.1,390415,55.78,NA,NA,NA
2021,"大阪","osaka",15,0,2,3,"自民","加納陽之助","male","KANO, YONOSUKE",0,41,NA,0,67887,31.97,390415,55.78,NA,NA,NA
2021,"大阪","osaka",15,0,3,3,"共産","為仁史","male","TAME, HITOSHI",0,72,NA,0,29570,13.93,390415,55.78,NA,NA,NA
2021,"大阪","osaka",16,1,1,3,"公明","北側一雄","male","KITAGAWA, KAZUO",9,68,NA,1,84563,50.81,326278,55.5,NA,NA,NA
2021,"大阪","osaka",16,2,2,3,"立憲","森山浩行","male","MORIYAMA, HIROYUKI",2,50,NA,1,72571,43.61,326278,55.5,NA,NA,NA
2021,"大阪","osaka",16,0,3,3,"Ｎ党","西脇京子","female","NISHIWAKI, KYOKO",0,49,NA,0,9288,5.58,326278,55.5,NA,NA,NA
2021,"大阪","osaka",17,1,1,3,"維新","馬場伸幸","male","BABA, NOBUYUKI",3,56,NA,1,94398,53.6,330263,54.5,NA,NA,NA
2021,"大阪","osaka",17,0,2,3,"自民","岡下昌平","male","OKASHITA, SHOHEI",2,46,NA,1,56061,31.83,330263,54.5,1,"母＝岡下信子（衆院議員）",NA
2021,"大阪","osaka",17,0,3,3,"共産","森流星","male","MORI, RYUSEI",0,38,NA,0,25660,14.57,330263,54.5,NA,NA,NA
2021,"大阪","osaka",18,1,1,4,"維新","遠藤敬","male","ENDO, TAKASHI",3,53,NA,1,118421,52.97,434309,52.91,NA,NA,NA
2021,"大阪","osaka",18,0,2,4,"自民","神谷昇","male","KAMIYA, NOBORU",2,72,NA,1,61597,27.55,434309,52.91,NA,NA,NA
2021,"大阪","osaka",18,0,3,4,"立憲","川戸康嗣","male","KAWATO, YASUSHI",0,46,NA,0,24490,10.95,434309,52.91,NA,NA,NA
2021,"大阪","osaka",18,0,4,4,"共産","望月亮佑","male","MOCHIZUKI, RYOSUKE",0,29,NA,0,19075,8.53,434309,52.91,NA,NA,NA
2021,"大阪","osaka",19,1,1,4,"維新","伊東信久","male","ITO, NOBUHISA",2,57,NA,2,68209,42.18,304908,53.96,NA,NA,NA
2021,"大阪","osaka",19,2,2,4,"自民","谷川とむ","male","TANIGAWA, TOMU",2,45,NA,1,52052,32.19,304908,53.96,NA,NA,NA
2021,"大阪","osaka",19,0,3,4,"立憲","長安豊","male","NAGAYASU, TAKASHI",3,53,NA,2,32193,19.91,304908,53.96,NA,NA,NA
2021,"大阪","osaka",19,0,4,4,"共産","北村みき","female","KITAMURA, MIKI",0,55,NA,0,9258,5.72,304908,53.96,NA,NA,NA
2021,"大分","oita",1,1,1,5,"無所","吉良州司","male","KIRA, SHUJI",5,63,NA,1,97117,48.76,385469,53.17,NA,NA,NA
2021,"大分","oita",1,0,2,5,"自民","高橋舞子","female","TAKAHASHI, MAIKO",0,33,NA,0,75932,38.13,385469,53.17,NA,NA,NA
2021,"大分","oita",1,0,3,5,"共産","山下魁","male","YAMASHITA, KAI",0,44,NA,0,15889,7.98,385469,53.17,NA,NA,NA
2021,"大分","oita",1,0,4,5,"無所","西宮重貴","male","NISHIMIYA, SHIGEKI",0,43,NA,0,6216,3.12,385469,53.17,NA,NA,NA
2021,"大分","oita",1,0,5,5,"Ｎ党","野中美咲","female","NONAKA, MISAKI",0,25,NA,0,4001,2.01,385469,53.17,NA,NA,NA
2021,"大分","oita",2,1,1,2,"自民","衛藤征士郎","male","ETO, SEISHIRO",12,80,NA,1,79433,50.21,267779,60.45,NA,NA,NA
2021,"大分","oita",2,2,2,2,"立憲","吉川元","male","YOSHIKAWA, HAJIME",3,55,NA,1,78779,49.79,267779,60.45,NA,NA,NA
2021,"大分","oita",3,1,1,2,"自民","岩屋毅","male","IWAYA, TAKESHI",8,64,NA,1,102807,58.42,301700,59.67,NA,NA,NA
2021,"大分","oita",3,0,2,2,"立憲","横光克彦","male","YOKOMITSU, KATSUHIKO",7,77,NA,1,73159,41.58,301700,59.67,NA,NA,NA
2021,"長崎","nagasaki",1,1,1,3,"国民","西岡秀子","female","NISHIOKA, HIDEKO",1,57,NA,1,101877,56.07,334139,55.25,1,"父＝西岡武夫（衆院議員、参院議員）",NA
2021,"長崎","nagasaki",1,0,2,3,"自民","初村滝一郎","male","HATSUMURA, TAKIIHIRO",0,42,NA,0,69053,38.01,334139,55.25,1,"冨岡勉（衆院議員）の後任。祖父と父が国会議員",NA
2021,"長崎","nagasaki",1,0,3,3,"共産","安江綾子","female","YASUE, AYAKO",0,44,NA,0,10754,5.92,334139,55.25,NA,NA,NA
2021,"長崎","nagasaki",2,1,1,2,"自民","加藤竜祥","male","KATO, RYUSHO",0,41,NA,0,95271,58.21,293298,57.03,NA,NA,NA
2021,"長崎","nagasaki",2,0,2,2,"立憲","松平浩一","male","MATSUDAIRA, KOICHI",1,47,NA,1,68405,41.79,293298,57.03,NA,NA,NA
2021,"長崎","nagasaki",3,1,1,4,"自民","谷川弥一","male","TANIGAWA, YAICHI",6,80,NA,1,57223,40.66,236525,60.93,NA,NA,NA
2021,"長崎","nagasaki",3,2,2,4,"立憲","山田勝彦","male","YAMADA, KATSUHIO",0,42,NA,0,55189,39.22,236525,60.93,NA,NA,NA
2021,"長崎","nagasaki",3,0,3,4,"無所","山田博司","male","YAMADA, HIROSHI",0,51,NA,0,25566,18.17,236525,60.93,NA,NA,NA
2021,"長崎","nagasaki",3,0,4,4,"諸派","石本啓之","male","ISHIMOTO, HIROYUKI",0,52,NA,0,2750,1.95,236525,60.93,NA,NA,NA
2021,"長崎","nagasaki",4,1,1,4,"自民","北村誠吾","male","KITAMURA, SEIGO",7,74,NA,1,55968,42.06,250004,55.08,NA,NA,NA
2021,"長崎","nagasaki",4,2,2,4,"立憲","末次精一","male","SUETSUGU, SEIICHI",0,58,NA,0,55577,41.76,250004,55.08,NA,NA,NA
2021,"長崎","nagasaki",4,0,3,4,"無所","萩原活","male","HAGIWARA, HIROSHI",0,61,NA,0,16860,12.67,250004,55.08,NA,NA,NA
2021,"長崎","nagasaki",4,0,4,4,"無所","田中隆治","male","TANAKA, TAKAHARU",0,78,NA,0,4675,3.51,250004,55.08,NA,NA,NA
2021,"長野","nagano",1,1,1,2,"自民","若林健太","male","WAKABAYASHI, KENTA",0,57,NA,0,128423,51.29,425440,59.74,NA,NA,NA
2021,"長野","nagano",1,2,2,2,"立憲","篠原孝","male","SHINOHARA, TAKASHI",6,73,NA,1,121962,48.71,425440,59.74,NA,NA,NA
2021,"長野","nagano",2,1,1,3,"立憲","下条みつ","male","SHIMOJO, MITSU",4,65,NA,1,101391,47.52,382082,57.04,1,"父＝下条進一郎（衆議院議員）、祖父＝下条康麿（文部大臣）",NA
2021,"長野","nagano",2,2,2,3,"自民","務台俊介","male","MUTAI, SHUNSUKE",3,65,NA,1,68958,32.32,382082,57.04,NA,NA,NA
2021,"長野","nagano",2,0,3,3,"維新","手塚大輔","male","TEZUKA, DAISUKE",0,38,NA,0,43026,20.16,382082,57.04,NA,NA,NA
2021,"長野","nagano",3,1,1,3,"自民","井出庸生","male","IDE, YOSEI",3,43,NA,1,120023,51.53,399168,59.32,NA,NA,NA
2021,"長野","nagano",3,2,2,3,"立憲","神津健","male","KOZU, TAKESHI",0,44,NA,0,109179,46.87,399168,59.32,NA,NA,NA
2021,"長野","nagano",3,0,3,3,"Ｎ党","池高生","male","IKE, TAKAO",0,53,NA,0,3722,1.6,399168,59.32,NA,NA,NA
2021,"長野","nagano",4,1,1,2,"自民","後藤茂之","male","GOTO, SHIGEYUKI",6,65,NA,1,86962,62.61,240401,59.37,NA,NA,NA
2021,"長野","nagano",4,0,2,2,"共産","長瀬由希子","female","NAGASE, YUKIKO",0,53,NA,0,51922,37.39,240401,59.37,NA,NA,NA
2021,"長野","nagano",5,1,1,2,"自民","宮下一郎","male","MIYASHITA, ICHIRO",5,63,NA,1,97730,54.86,280074,64.55,1,"父＝宮下創平（衆議院議員）",NA
2021,"長野","nagano",5,0,2,2,"立憲","曽我逸郎","male","SOGA, ITSURO",0,65,NA,0,80408,45.14,280074,64.55,NA,NA,NA
2021,"鳥取","tottori",1,1,1,2,"自民","石破茂","male","ISHIBA, SHIGERU",11,64,NA,1,105441,84.07,230959,56.1,NA,NA,NA
2021,"鳥取","tottori",1,0,2,2,"共産","岡田正和","male","OKADA, MASAKAZU",0,39,NA,0,19985,15.93,230959,56.1,NA,NA,NA
2021,"鳥取","tottori",2,1,1,2,"自民","赤沢亮正","male","AKAZAWA, RYOSEI",5,60,NA,1,75005,53.98,234420,60.2,NA,NA,NA
2021,"鳥取","tottori",2,2,2,2,"立憲","湯原俊二","male","YUHARA, SHUNJI",1,58,NA,2,63947,46.02,234420,60.2,NA,NA,NA
2021,"島根","shinane",1,1,1,3,"自民","細田博之","male","HOSODA, HIROYUKI",10,77,NA,1,90638,56.02,268337,61.23,1,"父＝細田吉蔵（衆議院議員）",NA
2021,"島根","shinane",1,0,2,3,"立憲","亀井亜紀子","female","KAMEI, AKIKO",1,56,NA,1,66847,41.31,268337,61.23,1,"父＝亀井久興（衆院議員、参院議員）",NA
2021,"島根","shinane",1,0,3,3,"無所","亀井彰子","female","KAMEI, AKIKO",0,64,NA,0,4318,2.67,268337,61.23,NA,NA,NA
2021,"島根","shinane",2,1,1,3,"自民","高見康裕","male","TAKAMI, YASUHIRO",0,41,NA,0,110327,62.44,291649,61.85,NA,NA,NA
2021,"島根","shinane",2,0,2,3,"立憲","山本誉","male","YAMAMOTO, HOMARU",0,64,NA,0,52016,29.44,291649,61.85,NA,NA,NA
2021,"島根","shinane",2,0,3,3,"共産","向瀬慎一","male","MUKOSE, SHINICHI",0,50,NA,0,14361,8.13,291649,61.85,NA,NA,NA
2021,"東京","tokyo",1,1,1,4,"自民","山田美樹","female","YAMADA, MIKI",3,47,NA,1,99133,39.01,462609,56.27,NA,NA,NA
2021,"東京","tokyo",1,2,2,4,"立憲","海江田万里","male","KAIEDA, BANRI",7,72,NA,1,90043,35.43,462609,56.27,NA,NA,NA
2021,"東京","tokyo",1,2,3,4,"維新","小野泰輔","male","ONO, TAISUKE",0,47,NA,0,60230,23.7,462609,56.27,NA,NA,NA
2021,"東京","tokyo",1,0,4,4,"無所","内藤久遠","male","NAITO, HISAO",0,64,NA,0,4715,1.86,462609,56.27,NA,NA,NA
2021,"東京","tokyo",2,1,1,5,"自民","辻清人","male","TSUJI, KIYOTO",3,42,NA,1,119281,43.44,463165,60.82,NA,NA,NA
2021,"東京","tokyo",2,0,2,5,"立憲","松尾明弘","male","MATSUO, AKIHIRO",1,46,NA,1,90422,32.93,463165,60.82,NA,NA,NA
2021,"東京","tokyo",2,0,3,5,"維新","木内孝胤","male","KIUCHI, TAKATANE",2,55,NA,2,45754,16.66,463165,60.82,NA,NA,NA
2021,"東京","tokyo",2,0,4,5,"れい","北村造","male","KITAMURA, ITARU",0,38,NA,0,14487,5.28,463165,60.82,NA,NA,NA
2021,"東京","tokyo",2,0,5,5,"無所","出口紳一郎","male","DEGUCHI, SHINICHIRO",0,48,NA,0,4659,1.7,463165,60.82,NA,NA,NA
2021,"東京","tokyo",3,1,1,3,"立憲","松原仁","male","MATSUBARA, JIN",7,65,NA,1,124961,45.88,470083,59.87,NA,NA,NA
2021,"東京","tokyo",3,2,2,3,"自民","石原宏高","male","ISHIHARA, HIROTAKA",4,57,NA,1,116753,42.87,470083,59.87,1,"父＝石原慎太郎（衆議院議員）",NA
2021,"東京","tokyo",3,0,3,3,"共産","香西克介","male","KOZAI, KATSUSUKE",0,45,NA,0,30648,11.25,470083,59.87,NA,NA,NA
2021,"東京","tokyo",4,1,1,3,"自民","平将明","male","TAIRA, MASAAKI",5,54,NA,1,128708,51.51,474029,54.43,NA,NA,NA
2021,"東京","tokyo",4,0,2,3,"共産","谷川智行","male","TANIGAWA, TOMOYUKI",0,50,NA,0,62286,24.93,474029,54.43,NA,NA,NA
2021,"東京","tokyo",4,0,3,3,"維新","林智興","male","HAYSHI, TOMOOKI",0,45,NA,0,58891,23.57,474029,54.43,NA,NA,NA
2021,"東京","tokyo",5,1,1,3,"立憲","手塚仁雄","male","TEZUKA, YOSHIO",4,55,NA,1,111246,40.98,464694,60.03,NA,NA,NA
2021,"東京","tokyo",5,2,2,3,"自民","若宮健嗣","male","WAKAMIYA, KENJI",4,60,NA,1,105842,38.99,464694,60.03,NA,NA,NA
2021,"東京","tokyo",5,0,3,3,"維新","田淵正文","male","TABUCHI, MASAFUMI",0,63,NA,0,54363,20.03,464694,60.03,NA,NA,NA
2021,"東京","tokyo",6,1,1,3,"立憲","落合貴之","male","OCHIAI, TAKAYUKI",2,42,NA,1,110169,40.08,467339,60.36,NA,NA,NA
2021,"東京","tokyo",6,2,2,3,"自民","越智隆雄","male","OCHI, TAKAO",4,57,NA,1,105186,38.27,467339,60.36,1,"父＝越智通雄（衆議院議員）",NA
2021,"東京","tokyo",6,0,3,3,"維新","碓井梨恵","female","USUI, RIE",0,36,NA,0,59490,21.64,467339,60.36,NA,NA,NA
2021,"東京","tokyo",7,1,1,5,"立憲","長妻昭","male","NAGATSUMA, AKIRA",7,61,NA,1,124541,49.25,459575,56.47,NA,NA,NA
2021,"東京","tokyo",7,0,2,5,"自民","松本文明","male","MATSUMOTO, FUMIAKI",4,72,NA,1,81087,32.06,459575,56.47,NA,NA,NA
2021,"東京","tokyo",7,0,3,5,"維新","辻健太郎","male","TSUJI, KENTARO",0,35,NA,0,37781,14.94,459575,56.47,NA,NA,NA
2021,"東京","tokyo",7,0,4,5,"無所","込山洋","male","KOMIYAMA, HIROSHI",0,47,NA,0,5665,2.24,459575,56.47,NA,NA,NA
2021,"東京","tokyo",7,0,5,5,"Ｎ党","猪野恵司","male","INO, KEIJI",0,38,NA,0,3822,1.51,459575,56.47,NA,NA,NA
2021,"東京","tokyo",8,1,1,3,"立憲","吉田晴美","female","YOSHIDA, HARUMI",0,49,NA,0,137341,48.45,476188,61.03,NA,NA,NA
2021,"東京","tokyo",8,0,2,3,"自民","石原伸晃","male","ISHIHARA, NOBUTERU",10,64,NA,1,105381,37.17,476188,61.03,NA,NA,NA
2021,"東京","tokyo",8,0,3,3,"維新","笠谷圭司","male","KASATANI, KEIJI",0,41,NA,0,40763,14.38,476188,61.03,NA,NA,NA
2021,"東京","tokyo",9,1,1,4,"立憲","山岸一生","male","YAMAGISHI, ISSEI",0,40,NA,0,109489,40.9,478743,57.71,NA,NA,NA
2021,"東京","tokyo",9,0,2,4,"自民","安藤高夫","male","ANDO, TAKAO",1,62,NA,1,95284,35.59,478743,57.71,NA,NA,NA
2021,"東京","tokyo",9,0,3,4,"維新","南純","male","MINAMI, JUN",0,38,NA,0,47842,17.87,478743,57.71,NA,NA,NA
2021,"東京","tokyo",9,0,4,4,"諸派","小林興起","male","KOBAYASHI, KOKI",5,77,NA,2,15091,5.64,478743,57.71,NA,NA,NA
2021,"東京","tokyo",10,1,1,5,"自民","鈴木隼人","male","SUZUKI, HAYATO",2,44,NA,1,115122,43.8,479088,56.5,NA,NA,NA
2021,"東京","tokyo",10,2,2,5,"立憲","鈴木庸介","male","SUZUKI, YOSUKE",0,45,NA,0,107920,41.06,479088,56.5,NA,NA,NA
2021,"東京","tokyo",10,0,3,5,"維新","藤川隆史","male","FUJIKAWA, TAKASHI",0,65,NA,0,30574,11.63,479088,56.5,NA,NA,NA
2021,"東京","tokyo",10,0,4,5,"無所","小山徹","male","KOYAMA, TORU",0,46,NA,0,4684,1.78,479088,56.5,NA,NA,NA
2021,"東京","tokyo",10,0,5,5,"諸派","沢口祐司","male","SAWAGUCHI, YUJI",0,67,NA,0,4552,1.73,479088,56.5,NA,NA,NA
2021,"東京","tokyo",11,1,1,4,"自民","下村博文","male","SHIMOMURA, HAKUBUN",8,67,NA,1,122465,49.98,462626,54.97,NA,NA,NA
2021,"東京","tokyo",11,0,2,4,"立憲","阿久津幸彦","male","AKUTSU, YUKIHIKO",4,65,NA,1,87635,35.76,462626,54.97,NA,NA,NA
2021,"東京","tokyo",11,0,3,4,"共産","西之原修斗","male","NISHINOHARA, SHUTO",0,27,NA,0,29304,11.96,462626,54.97,NA,NA,NA
2021,"東京","tokyo",11,0,4,4,"無所","桑島康文","male","KUWAJIMA, YASUFUMI",0,60,NA,0,5639,2.3,462626,54.97,NA,NA,NA
2021,"東京","tokyo",12,1,1,3,"公明","岡本三成","male","OKAMOTO, MITSUNARI",3,56,NA,1,101020,39.88,462732,57.45,NA,NA,NA
2021,"東京","tokyo",12,2,2,3,"維新","阿部司","male","ABE, TSUKASA",0,39,NA,0,80323,31.71,462732,57.45,NA,NA,NA
2021,"東京","tokyo",12,0,3,3,"共産","池内沙織","female","IKEUCHI, SAORI",1,39,NA,2,71948,28.41,462732,57.45,NA,NA,NA
2021,"東京","tokyo",13,1,1,5,"自民","土田慎","male","TSUCHIDA, SHIN",0,31,NA,0,115669,49.31,480247,50.88,NA,NA,NA
2021,"東京","tokyo",13,0,2,5,"立憲","北條智彦","male","KITAJO, TOMOHIKO",0,38,NA,0,78665,33.54,480247,50.88,NA,NA,NA
2021,"東京","tokyo",13,0,3,5,"共産","沢田真吾","male","SAWADA, SHINGO",0,36,NA,0,30204,12.88,480247,50.88,NA,NA,NA
2021,"東京","tokyo",13,0,4,5,"無所","渡辺秀高","male","WATANABE, HIDETAKA",0,50,NA,0,5985,2.55,480247,50.88,NA,NA,NA
2021,"東京","tokyo",13,0,5,5,"無所","橋本孫美","male","HASHIMOTO, MAGOMI",0,44,NA,0,4039,1.72,480247,50.88,NA,NA,NA
2021,"東京","tokyo",14,1,1,6,"自民","松島みどり","female","MATSUSHIMA, MIDORI",6,65,NA,1,108681,43.28,465702,55.96,NA,NA,NA
2021,"東京","tokyo",14,0,2,6,"立憲","木村剛司","male","KIMURA, TAKESHI",1,50,NA,2,80932,32.23,465702,55.96,NA,NA,NA
2021,"東京","tokyo",14,0,3,6,"維新","西村恵美","female","NISHIMURA, EMI",0,58,NA,0,49517,19.72,465702,55.96,NA,NA,NA
2021,"東京","tokyo",14,0,4,6,"無所","梁本和則","male","YANAMOTO, KAZUNORI",0,58,NA,0,5845,2.33,465702,55.96,NA,NA,NA
2021,"東京","tokyo",14,0,5,6,"無所","竹本秀之","male","TAKEMOTO, HIDEYUKI",0,65,NA,0,3364,1.34,465702,55.96,NA,NA,NA
2021,"東京","tokyo",14,0,6,6,"無所","大塚紀久雄","male","OTSUKA, KIKUO",0,80,NA,0,2772,1.1,465702,55.96,NA,NA,NA
2021,"東京","tokyo",15,1,1,7,"無所","柿沢未途","male","KAKIZAWA, MITO",4,50,NA,1,76261,32,424125,58.73,1,"父＝柿沢弘治（衆院議員、参院議員）",NA
2021,"東京","tokyo",15,0,2,7,"立憲","井戸まさえ","female","IDO, MASAE",1,55,NA,2,58978,24.75,424125,58.73,NA,NA,NA
2021,"東京","tokyo",15,0,3,7,"維新","金沢結衣","female","KANAGAWA, YUI",0,31,NA,0,44882,18.83,424125,58.73,NA,NA,NA
2021,"東京","tokyo",15,0,4,7,"無所","今村洋史","male","IMAMURA, HIROFUMI",1,59,NA,2,26628,11.17,424125,58.73,NA,NA,NA
2021,"東京","tokyo",15,0,5,7,"無所","猪野隆","male","INO, TAKASHI",0,56,NA,0,17514,7.35,424125,58.73,NA,NA,NA
2021,"東京","tokyo",15,0,6,7,"諸派","桜井誠","male","SAKURAI, MAKOTO",0,49,NA,0,9449,3.96,424125,58.73,NA,NA,NA
2021,"東京","tokyo",15,0,7,7,"無所","吉田浩司","male","YOSHIDA, KOJI",0,61,NA,0,4608,1.93,424125,58.73,NA,NA,NA
2021,"東京","tokyo",16,1,1,5,"自民","大西英男","male","ONISHI, HIDEO",3,75,NA,1,88758,38.67,465115,51.58,NA,NA,NA
2021,"東京","tokyo",16,0,2,5,"立憲","水野素子","female","MIZUNO, MOTOKO",0,51,NA,0,68397,29.8,465115,51.58,NA,NA,NA
2021,"東京","tokyo",16,0,3,5,"維新","中津川博郷","male","NAKATSUGAWA, HIROSATO",3,72,NA,2,39290,17.12,465115,51.58,NA,NA,NA
2021,"東京","tokyo",16,0,4,5,"共産","太田彩花","female","OTA, AYAKA",0,26,NA,0,26819,11.68,465115,51.58,NA,NA,NA
2021,"東京","tokyo",16,0,5,5,"Ｎ党","田中健","male","TANAKA, KEN",0,55,NA,0,6264,2.73,465115,51.58,NA,NA,NA
2021,"東京","tokyo",17,1,1,4,"自民","平沢勝栄","male","HIRASAWA, KATSUEI",8,76,NA,1,119384,50.15,475912,53.06,NA,NA,NA
2021,"東京","tokyo",17,0,2,4,"維新","猪口幸子","female","INOKUCHI, SACHIKO",0,65,NA,0,52260,21.95,475912,53.06,NA,NA,NA
2021,"東京","tokyo",17,0,3,4,"共産","新井杉生","male","ARAI, SUGIO",0,62,NA,0,36309,15.25,475912,53.06,NA,NA,NA
2021,"東京","tokyo",17,0,4,4,"国民","円より子","female","MADOKA, YORIKO",0,74,NA,0,30103,12.65,475912,53.06,NA,NA,NA
2021,"東京","tokyo",18,1,1,3,"立憲","菅直人","male","KAN, NAOTO",13,75,NA,1,122091,47.12,444924,59.86,NA,NA,NA
2021,"東京","tokyo",18,2,2,3,"自民","長島昭久","male","NAGASHIMA, AKIHISA",6,59,NA,1,115881,44.72,444924,59.86,NA,NA,NA
2021,"東京","tokyo",18,0,3,3,"無所","子安正美","male","KOYASU, MASAMI",0,71,NA,0,21151,8.16,444924,59.86,NA,NA,NA
2021,"東京","tokyo",19,1,1,3,"立憲","末松義規","male","SUEMATSU, YOSHINORI",6,64,NA,1,111267,43.03,439147,60,NA,NA,NA
2021,"東京","tokyo",19,2,2,3,"自民","松本洋平","male","MATSUMOTO, YOHEI",4,48,NA,1,109131,42.2,439147,60,NA,NA,NA
2021,"東京","tokyo",19,0,3,3,"維新","山崎英昭","male","YAMAZAKI, HIDEAKI",0,48,NA,0,38182,14.77,439147,60,NA,NA,NA
2021,"東京","tokyo",20,1,1,3,"自民","木原誠二","male","KIHARA, SEIJI",4,51,NA,1,121621,52.6,418245,56.77,NA,NA,NA
2021,"東京","tokyo",20,2,2,3,"共産","宮本徹","male","MIYAMOTO, TORU",2,49,NA,1,66516,28.77,418245,56.77,NA,NA,NA
2021,"東京","tokyo",20,0,3,3,"維新","前田順一郎","male","MAEDA, JUNICHIRO",0,46,NA,0,43089,18.64,418245,56.77,NA,NA,NA
2021,"東京","tokyo",21,1,1,3,"自民","小田原潔","male","ODAWARA, KIYOSHI",3,57,NA,1,112433,45.51,438466,57.72,NA,NA,NA
2021,"東京","tokyo",21,2,2,3,"立憲","大河原雅子","female","OOKAWARA, MASAKO",1,68,NA,1,99090,40.11,438466,57.72,NA,NA,NA
2021,"東京","tokyo",21,0,3,3,"維新","竹田光明","male","TAKEDA, MITSUAKI",1,66,NA,2,35527,14.38,438466,57.72,NA,NA,NA
2021,"東京","tokyo",22,1,1,4,"自民","伊藤達也","male","ITO, TATSUYA",8,60,NA,1,131351,46.87,478721,60.01,NA,NA,NA
2021,"東京","tokyo",22,0,2,4,"立憲","山花郁夫","male","YAMAHANA, IKUO",4,54,NA,1,112393,40.1,478721,60.01,1,"父＝山花貞夫（衆議院議員）、祖父＝山花秀雄（衆議院議員，参議院議員）",NA
2021,"東京","tokyo",22,0,3,4,"れい","櫛渕万里","female","KUSHIBUCHI, MARI",1,54,NA,2,31981,11.41,478721,60.01,NA,NA,NA
2021,"東京","tokyo",22,0,4,4,"Ｎ党","長谷川洋平","male","HASEGAWA, YOHEI",0,44,NA,0,4535,1.62,478721,60.01,NA,NA,NA
2021,"東京","tokyo",23,1,1,2,"自民","小倉将信","male","OGURA, AKINOBU",3,40,NA,1,133206,51.25,458998,58.37,NA,NA,NA
2021,"東京","tokyo",23,2,2,2,"立憲","伊藤俊輔","male","ITO, SHUNSUKE",1,42,NA,1,126732,48.75,458998,58.37,NA,NA,NA
2021,"東京","tokyo",24,1,1,4,"自民","萩生田光一","male","HAGIUDA, KOICHI",5,58,NA,1,149152,58.55,463096,56.77,NA,NA,NA
2021,"東京","tokyo",24,0,2,4,"国民","佐藤由美","female","SATO, YUMI",0,49,NA,0,44546,17.49,463096,56.77,NA,NA,NA
2021,"東京","tokyo",24,0,3,4,"共産","吉川穂香","female","YOSHIKAWA, HONOKA",0,26,NA,0,44474,17.46,463096,56.77,NA,NA,NA
2021,"東京","tokyo",24,0,4,4,"社民","朝倉玲子","female","ASAKURA, REIKO",0,62,NA,0,16590,6.51,463096,56.77,NA,NA,NA
2021,"東京","tokyo",25,1,1,2,"自民","井上信治","male","INOUE, SHINJI",6,52,NA,1,131430,59.36,413266,54.9,NA,NA,NA
2021,"東京","tokyo",25,0,2,2,"立憲","島田幸成","male","SHIMADA, YUKINARI",0,53,NA,0,89991,40.64,413266,54.9,NA,NA,NA
2021,"徳島","tokushima",1,1,1,4,"無所","仁木博文","male","NIKI, HIROBUMI",1,55,NA,2,99474,50.05,362130,55.93,NA,NA,NA
2021,"徳島","tokushima",1,2,2,4,"自民","後藤田正純","male","GOTODA, MASAZUMI",7,52,NA,1,77398,38.94,362130,55.93,NA,NA,NA
2021,"徳島","tokushima",1,2,3,4,"維新","吉田知代","female","YOSHIDA, TOMOYO",0,46,NA,0,20065,10.1,362130,55.93,NA,NA,NA
2021,"徳島","tokushima",1,0,4,4,"無所","佐藤行俊","male","SATO, YUKITOSHI",0,73,NA,0,1808,0.91,362130,55.93,NA,NA,NA
2021,"徳島","tokushima",2,1,1,3,"自民","山口俊一","male","YAMAGUCHI, SHUNICHI",10,71,NA,1,76879,59.5,260655,50.99,NA,NA,NA
2021,"徳島","tokushima",2,0,2,3,"立憲","中野真由美","female","NAKANO, MAYUMI",0,50,NA,0,43473,33.65,260655,50.99,NA,NA,NA
2021,"徳島","tokushima",2,0,3,3,"共産","久保孝之","male","KUBO, TAKAYUKI",0,58,NA,0,8851,6.85,260655,50.99,NA,NA,NA
2021,"栃木","tochigi",1,1,1,4,"自民","船田元","male","FUNADA, HAJIME",12,67,NA,1,102870,46.15,434814,52.42,1,"祖父＝船田中（衆議院議員）",NA
2021,"栃木","tochigi",1,0,2,4,"立憲","渡辺典喜","male","WATANABE, NORIYOSHI",0,38,NA,0,66700,29.92,434814,52.42,NA,NA,NA
2021,"栃木","tochigi",1,0,3,4,"維新","柏倉祐司","male","KASHIKURA, YUJI",1,52,NA,2,43935,19.71,434814,52.42,NA,NA,NA
2021,"栃木","tochigi",1,0,4,4,"共産","青木弘","male","AOKI, HIROSHI",0,60,NA,0,9393,4.21,434814,52.42,NA,NA,NA
2021,"栃木","tochigi",2,1,1,2,"立憲","福田昭夫","male","FUKUDA, AKIO",5,73,NA,1,73593,53.39,262690,53.75,NA,NA,NA
2021,"栃木","tochigi",2,2,2,2,"自民","五十嵐清","male","IGARASHI, KIYOSHI",0,51,NA,0,64253,46.61,262690,53.75,NA,NA,NA
2021,"栃木","tochigi",3,1,1,2,"自民","簗和生","male","YANA, KAZUO",3,42,NA,1,82398,67.42,241014,52.07,NA,NA,NA
2021,"栃木","tochigi",3,0,2,2,"立憲","伊賀央","male","IGA, HIROSHI",0,57,NA,0,39826,32.58,241014,52.07,NA,NA,NA
2021,"栃木","tochigi",4,1,1,2,"自民","佐藤勉","male","SATO, TSUTOMU",8,69,NA,1,111863,51.1,402456,55.37,NA,NA,NA
2021,"栃木","tochigi",4,2,2,2,"立憲","藤岡隆雄","male","FUJIOKA, TAKAO",0,44,NA,0,107043,48.9,402456,55.37,NA,NA,NA
2021,"栃木","tochigi",5,1,1,2,"自民","茂木敏充","male","MOTEGI, TOSHIMITSU",9,66,NA,1,108380,77.36,284314,50.99,NA,NA,NA
2021,"栃木","tochigi",5,0,2,2,"共産","岡村恵子","female","OKAMURA, KEIKO",0,68,NA,0,31713,22.64,284314,50.99,NA,NA,NA
2021,"奈良","nara",1,1,1,3,"立憲","馬淵澄夫","male","MABUCHI, SUMIO",6,61,NA,1,93050,38.97,395066,61.3,NA,NA,NA
2021,"奈良","nara",1,2,2,3,"自民","小林茂樹","male","KOBAYASHI, SIGEKI",2,57,NA,1,83718,35.06,395066,61.3,NA,NA,NA
2021,"奈良","nara",1,2,3,3,"維新","前川清成","male","MAEKAWA, KIYOSHIGE",0,58,NA,0,62000,25.97,395066,61.3,NA,NA,NA
2021,"奈良","nara",2,1,1,3,"自民","高市早苗","female","TAKAICHI, SANAE",8,60,NA,1,141858,64.64,383875,58.69,NA,NA,NA
2021,"奈良","nara",2,0,2,3,"立憲","猪奥美里","female","IOKU, MISATO",0,41,NA,0,54326,24.75,383875,58.69,NA,NA,NA
2021,"奈良","nara",2,0,3,3,"共産","宮本次郎","male","MIYAMOTO, JIRO",0,46,NA,0,23285,10.61,383875,58.69,NA,NA,NA
2021,"奈良","nara",3,1,1,4,"無所","田野瀬太道","male","TANOSE, TAIDO",3,47,NA,1,114553,60.81,355246,57.19,1,"父＝田野瀬良太郎",NA
2021,"奈良","nara",3,0,2,4,"共産","西川正克","male","NISHIKAWA, MASAKATSU",0,63,NA,0,34334,18.23,355246,57.19,NA,NA,NA
2021,"奈良","nara",3,0,3,4,"無所","高見省次","male","TAKAMI, SHOJI",0,61,NA,0,32669,17.34,355246,57.19,NA,NA,NA
2021,"奈良","nara",3,0,4,4,"Ｎ党","加藤孝","male","KATO, TAKASHI",0,43,NA,0,6824,3.62,355246,57.19,NA,NA,NA
2021,"富山","toyama",1,1,1,4,"自民","田畑裕明","male","TABATA, HIROAKI",3,48,NA,1,71696,51.78,267782,52.43,NA,NA,NA
2021,"富山","toyama",1,2,2,4,"維新","吉田豊史","male","YOSHIDA, TOYOSHI",1,51,NA,2,45411,32.79,267782,52.43,NA,NA,NA
2021,"富山","toyama",1,0,3,4,"立憲","西尾政英","male","NISHIO, MASAEI",0,60,NA,0,14563,10.52,267782,52.43,NA,NA,NA
2021,"富山","toyama",1,0,4,4,"共産","青山了介","male","AOYAMA, RYOSUKE",0,46,NA,0,6800,4.91,267782,52.43,NA,NA,NA
2021,"富山","toyama",2,1,1,2,"自民","上田英俊","male","UEDA, EISHUN",0,56,NA,0,89341,68.41,247492,54.22,NA,NA,NA
2021,"富山","toyama",2,0,2,2,"立憲","越川康晴","male","KOSHIKAWA, YASUHARU",0,57,NA,0,41252,31.59,247492,54.22,NA,NA,NA
2021,"富山","toyama",3,1,1,2,"自民","橘慶一郎","male","TACHIBANA, KEIICHIRO",4,60,NA,1,161818,78.54,364742,59.06,NA,NA,NA
2021,"富山","toyama",3,0,2,2,"共産","坂本洋史","male","SAKAMOTO, HIROSHI",0,51,NA,0,44214,21.46,364742,59.06,NA,NA,NA
2021,"兵庫","hyogo",1,1,1,5,"立憲","井坂信彦","male","ISAKA, NOBUHIKO",2,47,NA,2,78657,36.9,393494,55.48,NA,NA,NA
2021,"兵庫","hyogo",1,2,2,5,"自民","盛山正仁","male","MORIYAMA, MASAHITO",4,67,NA,1,64202,30.12,393494,55.48,NA,NA,NA
2021,"兵庫","hyogo",1,2,3,5,"維新","一谷勇一郎","male","ICHITANI, YUICHIRO",0,46,NA,0,53211,24.96,393494,55.48,NA,NA,NA
2021,"兵庫","hyogo",1,0,4,5,"無所","高橋進吾","male","TAKAHASHI, SHINGO",0,53,NA,0,9922,4.65,393494,55.48,NA,NA,NA
2021,"兵庫","hyogo",1,0,5,5,"無所","木原功仁哉","male","KIHARA, KUNIYA",0,37,NA,0,7174,3.37,393494,55.48,NA,NA,NA
2021,"兵庫","hyogo",2,1,1,3,"公明","赤羽一嘉","male","AKABA, KAZUYOSHI",8,63,NA,1,99455,54.21,385611,50.97,NA,NA,NA
2021,"兵庫","hyogo",2,0,2,3,"立憲","舩川治郎","male","FUNAKAWA, JIRO",0,54,NA,0,61884,33.73,385611,50.97,NA,NA,NA
2021,"兵庫","hyogo",2,0,3,3,"共産","宮野鶴生","male","MIYANO, TSURUO",0,64,NA,0,22124,12.06,385611,50.97,NA,NA,NA
2021,"兵庫","hyogo",3,1,1,4,"自民","関芳弘","male","SEKI, YOSHIHIRO",4,56,NA,1,68957,40.94,315484,54.43,NA,NA,NA
2021,"兵庫","hyogo",3,2,2,4,"維新","和田有一朗","male","WADA, YUICHIRO",0,57,NA,0,59537,35.35,315484,54.43,NA,NA,NA
2021,"兵庫","hyogo",3,0,3,4,"国民","佐藤泰樹","male","SATO, YASUKI",0,50,NA,0,22765,13.52,315484,54.43,NA,NA,NA
2021,"兵庫","hyogo",3,0,4,4,"共産","赤田勝紀","male","AKADA, KATSUNORI",0,54,NA,0,17155,10.19,315484,54.43,NA,NA,NA
2021,"兵庫","hyogo",4,1,1,3,"自民","藤井比早之","male","FUJII, HISAYUKI",3,50,NA,1,112810,50.04,421086,54.69,NA,NA,NA
2021,"兵庫","hyogo",4,2,2,3,"維新","赤木正幸","male","AKAGI, MASAYUKI",0,46,NA,0,59143,26.24,421086,54.69,NA,NA,NA
2021,"兵庫","hyogo",4,0,3,3,"立憲","今泉真緒","female","IMAIZUMI, MAO",0,42,NA,0,53476,23.72,421086,54.69,NA,NA,NA
2021,"兵庫","hyogo",5,1,1,3,"自民","谷公一","male","TANI, KOICHI",6,69,NA,1,94656,42.49,368205,61.59,1,"父＝谷洋一（衆議院議員）",NA
2021,"兵庫","hyogo",5,2,2,3,"維新","遠藤良太","male","ENDO, RYOTA",0,36,NA,0,65714,29.5,368205,61.59,NA,NA,NA
2021,"兵庫","hyogo",5,0,3,3,"立憲","梶原康弘","male","KAJIWARA, YASUHIRO",2,65,NA,2,62414,28.02,368205,61.59,NA,NA,NA
2021,"兵庫","hyogo",6,1,1,3,"維新","市村浩一郎","male","ICHIMURA, KOICHIRO",3,57,NA,2,89571,35.21,465210,55.58,NA,NA,NA
2021,"兵庫","hyogo",6,2,2,3,"自民","大串正樹","male","OGUCHI, SEIJU",3,55,NA,1,87502,34.39,465210,55.58,NA,NA,NA
2021,"兵庫","hyogo",6,2,3,3,"立憲","桜井周","male","SAKURAI, SHU",1,51,NA,1,77347,30.4,465210,55.58,NA,NA,NA
2021,"兵庫","hyogo",7,1,1,3,"自民","山田賢司","male","YAMADA, KENJI",3,55,NA,1,95140,37.52,441775,58.38,NA,NA,NA
2021,"兵庫","hyogo",7,2,2,3,"維新","三木圭恵","female","MIKI, KEE",1,55,NA,2,93610,36.92,441775,58.38,NA,NA,NA
2021,"兵庫","hyogo",7,0,3,3,"立憲","安田真理","female","YASUDA, MARI",0,43,NA,0,64817,25.56,441775,58.38,NA,NA,NA
2021,"兵庫","hyogo",8,1,1,3,"公明","中野洋昌","male","NAKANO, YOSHO",3,43,NA,1,100313,58.8,386254,48.83,NA,NA,NA
2021,"兵庫","hyogo",8,0,2,3,"共産","小村潤","female","KOMURA, JUN",0,46,NA,0,45403,26.61,386254,48.83,NA,NA,NA
2021,"兵庫","hyogo",8,0,3,3,"れい","辻恵","male","TSUJI, MEGUMU",2,73,NA,2,24880,14.58,386254,48.83,NA,NA,NA
2021,"兵庫","hyogo",9,1,1,2,"自民","西村康稔","male","NISHIMURA, YASUTOSHI",6,59,NA,1,141973,76.27,363347,53.23,NA,NA,NA
2021,"兵庫","hyogo",9,0,2,2,"共産","福原由加利","female","FUKUHARA, YUKARI",0,34,NA,0,44172,23.73,363347,53.23,NA,NA,NA
2021,"兵庫","hyogo",10,1,1,3,"自民","渡海紀三朗","male","TOKAI, KISABURO",9,73,NA,1,79061,44.99,347835,51.55,1,"父＝渡海元三郎（衆議院議員）",NA
2021,"兵庫","hyogo",10,2,2,3,"維新","掘井健智","male","HORII, KENJI",0,54,NA,0,57874,32.94,347835,51.55,NA,NA,NA
2021,"兵庫","hyogo",10,0,3,3,"立憲","隠樹圭子","female","OKI, KEIKO",0,50,NA,0,38786,22.07,347835,51.55,NA,NA,NA
2021,"兵庫","hyogo",11,1,1,3,"自民","松本剛明","male","MATSUMOTO, TAKEAKI",7,62,NA,1,92761,49.03,399029,48.39,1,"父＝松本十郎（衆議院議員）",NA
2021,"兵庫","hyogo",11,2,2,3,"維新","住吉寛紀","male","SUMIYOSHI, HIROKI",0,36,NA,0,78082,41.27,399029,48.39,NA,NA,NA
2021,"兵庫","hyogo",11,0,3,3,"共産","太田清幸","male","OTA, KIYOYUKI",0,66,NA,0,18363,9.71,399029,48.39,NA,NA,NA
2021,"兵庫","hyogo",12,1,1,3,"自民","山口壮","male","YAMAGUCHI, TSUYOSHI",6,67,NA,1,91099,55.56,284813,58.9,NA,NA,NA
2021,"兵庫","hyogo",12,2,2,3,"維新","池畑浩太朗","male","IKEHATA, KOTARO",0,47,NA,0,49736,30.33,284813,58.9,NA,NA,NA
2021,"兵庫","hyogo",12,0,3,3,"立憲","酒井孝典","male","SAKAI, TAKANORI",0,61,NA,0,23137,14.11,284813,58.9,NA,NA,NA
2021,"北海道","hokkaido",1,1,1,3,"立憲","道下大樹","male","MICHISHITA, DAIKI",1,45,NA,1,118286,45.33,450946,59.13,NA,NA,NA
2021,"北海道","hokkaido",1,0,2,3,"自民","船橋利実","male","FUNABASHI, TOSHIMITSU",2,60,NA,1,106985,41,450946,59.13,NA,NA,NA
2021,"北海道","hokkaido",1,0,3,3,"維新","小林悟","male","KOBAYASHI, SATORU",0,57,NA,0,35652,13.66,450946,59.13,NA,NA,NA
2021,"北海道","hokkaido",2,1,1,3,"立憲","松木謙公","male","MATSUKI, KENKO",5,62,NA,1,105807,44.71,460828,52.6,NA,NA,NA
2021,"北海道","hokkaido",2,0,2,3,"自民","高橋祐介","male","TAKAHASHI, YUSUKE",0,41,NA,0,89745,37.93,460828,52.6,NA,NA,NA
2021,"北海道","hokkaido",2,0,3,3,"維新","山崎泉","male","YAMASAKI, IZUMI",0,48,NA,0,41076,17.36,460828,52.6,NA,NA,NA
2021,"北海道","hokkaido",3,1,1,3,"自民","高木宏寿","male","TAKAGI, HIROHISA",2,61,NA,2,116917,44.66,474944,56.24,NA,NA,NA
2021,"北海道","hokkaido",3,2,2,3,"立憲","荒井優","male","ARAI, YUTAKA",0,46,NA,0,112535,42.99,474944,56.24,1,"父＝荒井聡（衆院議員）",NA
2021,"北海道","hokkaido",3,0,3,3,"維新","小和田康文","male","KOWAD, YASUFUMI",0,51,NA,0,32340,12.35,474944,56.24,NA,NA,NA
2021,"北海道","hokkaido",4,1,1,2,"自民","中村裕之","male","NAKAMURA, HIROYUKI",3,60,NA,1,109326,50.16,363778,61.14,NA,NA,NA
2021,"北海道","hokkaido",4,2,2,2,"立憲","大築紅葉","female","OTSUKI, KUREHA",0,38,NA,0,108630,49.84,363778,61.14,NA,NA,NA
2021,"北海道","hokkaido",5,1,1,4,"自民","和田義明","male","WADA, YOSHIAKI",2,50,NA,1,139950,50.6,467864,60.22,1,"義父＝町村信孝（衆院議員）",NA
2021,"北海道","hokkaido",5,0,2,4,"立憲","池田真紀","female","IKEDA, MAKI",1,49,NA,1,111366,40.26,467864,60.22,NA,NA,NA
2021,"北海道","hokkaido",5,0,3,4,"共産","橋本美香","female","HASHIMOTO, MIKA",0,51,NA,0,16758,6.06,467864,60.22,NA,NA,NA
2021,"北海道","hokkaido",5,0,4,4,"無所","大津伸太郎","male","OTSU, SHINTARO",0,56,NA,0,8520,3.08,467864,60.22,NA,NA,NA
2021,"北海道","hokkaido",6,1,1,3,"自民","東国幹","male","AZUMA, KUNIYOSHI",0,53,NA,0,128670,55.5,415008,56.86,NA,NA,NA
2021,"北海道","hokkaido",6,0,2,3,"立憲","西川将人","male","NISHIKAWA, MASAHITO",0,52,NA,0,93403,40.29,415008,56.86,NA,NA,NA
2021,"北海道","hokkaido",6,0,3,3,"Ｎ党","斉藤忠行","male","SAITO, TADAYUKI",0,30,NA,0,9776,4.22,415008,56.86,NA,NA,NA
2021,"北海道","hokkaido",7,1,1,3,"自民","伊東良孝","male","ITO, YOSHITAKA",4,72,NA,1,80797,58.01,253134,56.19,NA,NA,NA
2021,"北海道","hokkaido",7,0,2,3,"立憲","篠田奈保子","female","SHINODA, NAOKO",0,49,NA,0,45563,32.71,253134,56.19,NA,NA,NA
2021,"北海道","hokkaido",7,0,3,3,"共産","石川明美","female","ISHIKAWA, AKEMI",0,70,NA,0,12913,9.27,253134,56.19,NA,NA,NA
2021,"北海道","hokkaido",8,1,1,2,"立憲","逢坂誠二","male","OOSAKA, SEIJI",4,62,NA,1,112857,52.68,361180,60.08,NA,NA,NA
2021,"北海道","hokkaido",8,0,2,2,"自民","前田一男","male","MAEDA, KAZUO",2,55,NA,2,101379,47.32,361180,60.08,NA,NA,NA
2021,"北海道","hokkaido",9,1,1,2,"立憲","山岡達丸","male","YAMAOKA, TATSUMARU",2,42,NA,1,113512,51.51,381776,58.92,NA,NA,NA
2021,"北海道","hokkaido",9,2,2,2,"自民","堀井学","male","HORII, MANABU",3,49,NA,1,106842,48.49,381776,58.92,NA,NA,NA
2021,"北海道","hokkaido",10,1,1,2,"公明","稲津久","male","INETSU, HISASHI",4,63,NA,1,96843,53.93,284648,64.8,NA,NA,NA
2021,"北海道","hokkaido",10,2,2,2,"立憲","神谷裕","male","KAMIYA, HIROSHI",1,53,NA,1,82718,46.07,284648,64.8,NA,NA,NA
2021,"北海道","hokkaido",11,1,1,2,"立憲","石川香織","female","ISHIKAWA, KAORI",1,37,NA,1,91538,51.75,283874,63.51,1,"夫＝石川知裕（衆院議員）",NA
2021,"北海道","hokkaido",11,2,2,2,"自民","中川郁子","female","NAKAGAWA, YUKO",2,62,NA,2,85336,48.25,283874,63.51,NA,"夫＝中川昭一（衆院議員）",NA
2021,"北海道","hokkaido",12,1,1,3,"自民","武部新","male","TAKEBE, ARATA",3,51,NA,1,97634,58.43,286186,59.82,1,"父＝武部勤（衆院議員）",NA
2021,"北海道","hokkaido",12,0,2,3,"立憲","川原田英世","male","KAWAHARADA, EISEI",0,38,NA,0,55321,33.11,286186,59.82,NA,NA,NA
2021,"北海道","hokkaido",12,0,3,3,"共産","菅原誠","male","SUGAWARA, MAKOTO",0,48,NA,0,14140,8.46,286186,59.82,NA,NA,NA
2021,"和歌山","wakayama",1,1,1,2,"国民","岸本周平","male","KISHIMOTO, SHUHEI",4,65,NA,1,103676,62.73,307817,55.16,NA,NA,NA
2021,"和歌山","wakayama",1,0,2,2,"自民","門博文","male","KADO, HIROFUMI",3,56,NA,1,61608,37.27,307817,55.16,NA,NA,NA
2021,"和歌山","wakayama",2,1,1,4,"自民","石田真敏","male","ISHIDA, MASATOSHI",7,69,NA,1,79365,57.74,242858,57.94,NA,NA,NA
2021,"和歌山","wakayama",2,0,2,4,"立憲","藤井幹雄","male","FUJII, MIKIO",0,60,NA,0,35654,25.94,242858,57.94,NA,NA,NA
2021,"和歌山","wakayama",2,0,3,4,"維新","所順子","female","TOKORO, JUNKO",0,72,NA,0,19735,14.36,242858,57.94,NA,NA,NA
2021,"和歌山","wakayama",2,0,4,4,"Ｎ党","遠西愛美","female","TONISHI, MANAMI",0,37,NA,0,2700,1.96,242858,57.94,NA,NA,NA
2021,"和歌山","wakayama",3,1,1,4,"自民","二階俊博","male","NIKAI, TOSHIHIRO",12,82,NA,1,102834,69.34,250261,62.32,NA,NA,NA
2021,"和歌山","wakayama",3,0,2,4,"共産","畑野良弘","male","HATANO, YOSHIHIRO",0,61,NA,0,20692,13.95,250261,62.32,NA,NA,NA
2021,"和歌山","wakayama",3,0,3,4,"諸派","本間奈々","female","HONMA, NANA",0,52,NA,0,19034,12.83,250261,62.32,NA,NA,NA
2021,"和歌山","wakayama",3,0,4,4,"無所","根来英樹","male","NEGORO, HIDEKI",0,51,NA,0,5745,3.87,250261,62.32,NA,NA,NA
2021,"神奈川","kanagawa",1,1,1,3,"立憲","篠原豪","male","SHINOHARA, GO",2,46,NA,1,100118,45.01,427922,53.99,NA,NA,NA
2021,"神奈川","kanagawa",1,0,2,3,"無所","松本純","male","MATSUMOTO, JUN",7,71,NA,1,76064,34.19,427922,53.99,NA,NA,NA
2021,"神奈川","kanagawa",1,2,3,3,"維新","浅川義治","male","ASAKAWA, YOSHIHARU",0,53,NA,0,46271,20.8,427922,53.99,NA,NA,NA
2021,"神奈川","kanagawa",2,1,1,2,"自民","菅義偉","male","SUGA, YOSHIHIDE",8,72,NA,1,146166,61.15,436066,56,NA,NA,NA
2021,"神奈川","kanagawa",2,0,2,2,"立憲","岡本英子","female","OKAMOTO, EIKO",1,57,NA,2,92880,38.85,436066,56,NA,NA,NA
2021,"神奈川","kanagawa",3,1,1,4,"自民","中西健治","male","NAKANISHI, KENJI",0,57,NA,0,119199,52.54,442398,52.64,NA,NA,NA
2021,"神奈川","kanagawa",3,0,2,4,"立憲","小林丈人","male","KOBAYASHI, TAKETO",0,50,NA,0,68457,30.17,442398,52.64,NA,NA,NA
2021,"神奈川","kanagawa",3,0,3,4,"共産","木佐木忠晶","male","SASAKI, TADAMASA",0,37,NA,0,23310,10.27,442398,52.64,NA,NA,NA
2021,"神奈川","kanagawa",3,0,4,4,"無所","藤村晃子","female","FUJIMURA, AKIKO",0,48,NA,0,15908,7.01,442398,52.64,NA,NA,NA
2021,"神奈川","kanagawa",4,1,1,5,"立憲","早稲田夕季","female","WASEDA, YUKI",1,62,NA,1,66841,33.03,332708,61.7,NA,NA,NA
2021,"神奈川","kanagawa",4,0,2,5,"無所","浅尾慶一郎","male","ASAO, KEIICHIRO",3,57,NA,2,63687,31.47,332708,61.7,NA,NA,NA
2021,"神奈川","kanagawa",4,2,3,5,"自民","山本朋広","male","YAMAMOTO, TOMOHIRO",4,46,NA,1,47511,23.48,332708,61.7,NA,NA,NA
2021,"神奈川","kanagawa",4,0,4,5,"維新","高谷清彦","male","TAKAYA, AKIHIKO",0,42,NA,0,16559,8.18,332708,61.7,NA,NA,NA
2021,"神奈川","kanagawa",4,0,5,5,"無所","大西恒樹","male","ONISHI, TSUNEKI",0,57,NA,0,7790,3.85,332708,61.7,NA,NA,NA
2021,"神奈川","kanagawa",5,1,1,2,"自民","坂井学","male","SAKAI, MANABU",4,56,NA,1,136288,53.47,467198,56.05,NA,NA,NA
2021,"神奈川","kanagawa",5,2,2,2,"立憲","山崎誠","male","YAMAZAKI MAKOTO",2,58,NA,1,118619,46.53,467198,56.05,NA,NA,NA
2021,"神奈川","kanagawa",6,1,1,3,"自民","古川直季","male","FURUKAWA, NAOKI",0,53,NA,0,92405,44.32,381141,55.88,NA,NA,NA
2021,"神奈川","kanagawa",6,2,2,3,"立憲","青柳陽一郎","male","AOYAGI, YOICHIRO",3,52,NA,1,87880,42.15,381141,55.88,NA,NA,NA
2021,"神奈川","kanagawa",6,0,3,3,"維新","串田誠一","male","KUSHIDA, SEIICHI",1,63,NA,1,28214,13.53,381141,55.88,NA,NA,NA
2021,"神奈川","kanagawa",7,1,1,2,"自民","鈴木馨祐","male","SUZUKI, KEISUKE",4,44,NA,1,128870,50.86,449449,57.58,NA,NA,NA
2021,"神奈川","kanagawa",7,2,2,2,"立憲","中谷一馬","male","NAKATANI, KAZUMA",1,38,NA,1,124524,49.14,449449,57.58,NA,NA,NA
2021,"神奈川","kanagawa",8,1,1,2,"立憲","江田憲司","male","EDA, KENJI",6,65,NA,1,130925,52.6,427843,59.37,NA,NA,NA
2021,"神奈川","kanagawa",8,2,2,2,"自民","三谷英弘","male","MITANI, HIDEHIRO",2,45,NA,1,117963,47.4,427843,59.37,NA,NA,NA
2021,"神奈川","kanagawa",9,1,1,4,"立憲","笠浩史","male","RYU, HIROFUMI",6,56,NA,1,83847,42.4,338241,59.47,NA,NA,NA
2021,"神奈川","kanagawa",9,2,2,4,"自民","中山展宏","male","NAKAYAMA, NORIHIRO",3,53,NA,1,68918,34.85,338241,59.47,NA,NA,NA
2021,"神奈川","kanagawa",9,0,3,4,"維新","吉田大成","male","YOSHIDA, TAISEI",0,51,NA,0,24547,12.41,338241,59.47,NA,NA,NA
2021,"神奈川","kanagawa",9,0,4,4,"共産","斉藤温","male","SAITO, NODOKA",0,30,NA,0,20432,10.33,338241,59.47,NA,NA,NA
2021,"神奈川","kanagawa",10,1,1,4,"自民","田中和徳","male","TANAKA, KAZUNORI",8,72,NA,1,104832,41.39,470746,55.04,NA,NA,NA
2021,"神奈川","kanagawa",10,2,2,4,"維新","金村龍那","male","KANEMURA, RYUNA",0,42,NA,0,69594,27.48,470746,55.04,NA,NA,NA
2021,"神奈川","kanagawa",10,0,3,4,"共産","畑野君枝","female","HATANO, KIMIE",2,64,NA,1,48839,19.28,470746,55.04,NA,NA,NA
2021,"神奈川","kanagawa",10,2,4,4,"国民","鈴木敦","male","SUZUKI, ATSUSHI",0,32,NA,0,30013,11.85,470746,55.04,NA,NA,NA
2021,"神奈川","kanagawa",11,1,1,2,"自民","小泉進次郎","male","KOIZUMI, SHINJIRO",4,40,NA,1,147634,79.17,374938,52.21,1,"父＝小泉純一郎（衆議院議員）",NA
2021,"神奈川","kanagawa",11,0,2,2,"共産","林伸明","male","HAYASHI, NOBUAKI",0,55,NA,0,38843,20.83,374938,52.21,NA,NA,NA
2021,"神奈川","kanagawa",12,1,1,5,"立憲","阿部知子","female","ABE, TOMOKO",7,73,NA,1,95013,42.43,406623,56.14,NA,NA,NA
2021,"神奈川","kanagawa",12,2,2,5,"自民","星野剛士","male","HOSHINO, TSUYOSHI",3,58,NA,1,91159,40.71,406623,56.14,NA,NA,NA
2021,"神奈川","kanagawa",12,0,3,5,"維新","水戸将史","male","MITO, MASASHI",1,59,NA,2,37753,16.86,406623,56.14,NA,NA,NA
2021,"神奈川","kanagawa",13,1,1,5,"立憲","太栄志","male","FUTORI, HIDESHI",0,44,NA,0,130124,51.09,471671,55.77,NA,NA,NA
2021,"神奈川","kanagawa",13,2,2,5,"自民","甘利明","male","AMARI, AKIRA",12,72,NA,1,124595,48.91,471671,55.77,1,"父＝甘利正（衆議院議員）",NA
2021,"神奈川","kanagawa",14,1,1,2,"自民","赤間二郎","male","AKAMA, JIRO",4,53,NA,1,135197,53.76,460744,56.02,NA,NA,NA
2021,"神奈川","kanagawa",14,0,2,2,"立憲","長友克洋","male","NAGATOMO, YOSHIHIRO",0,50,NA,0,116273,46.24,460744,56.02,NA,NA,NA
2021,"神奈川","kanagawa",15,1,1,3,"自民","河野太郎","male","KONO, TARO",8,58,NA,1,210515,79.32,473497,57.32,1,"父＝河野洋平（衆議院議員）",NA
2021,"神奈川","kanagawa",15,0,2,3,"社民","佐々木克己","male","SASAKI, KATSUMI",0,66,NA,0,46312,17.45,473497,57.32,NA,NA,NA
2021,"神奈川","kanagawa",15,0,3,3,"Ｎ党","渡辺麻里子","female","WATANABE, MARIKO",0,45,NA,0,8565,3.23,473497,57.32,NA,NA,NA
2021,"神奈川","kanagawa",16,1,1,2,"立憲","後藤祐一","male","GOTO, YUICHI",4,52,NA,1,137558,54.6,466042,55.35,NA,NA,NA
2021,"神奈川","kanagawa",16,2,2,2,"自民","義家弘介","male","YOSHIIE, HIROYASU",3,50,NA,1,114396,45.4,466042,55.35,NA,NA,NA
2021,"神奈川","kanagawa",17,1,1,3,"自民","牧島かれん","female","MAKISHIMA, KAREN",3,45,NA,1,131284,55.32,424659,56.98,NA,NA,NA
2021,"神奈川","kanagawa",17,0,2,3,"立憲","神山洋介","male","KAMIYAMA, YOSUKE",2,46,NA,2,89837,37.85,424659,56.98,NA,NA,NA
2021,"神奈川","kanagawa",17,0,3,3,"共産","山田正","male","YAMADA, TADASHI",0,70,NA,0,16202,6.83,424659,56.98,NA,NA,NA
2021,"神奈川","kanagawa",18,1,1,3,"自民","山際大志郎","male","YAMAGIWA, DAISHIRO",5,53,NA,1,120365,47.7,451301,57.25,NA,NA,NA
2021,"神奈川","kanagawa",18,0,2,3,"立憲","三村和也","male","MIMURA, KAZUYA",1,46,NA,2,90390,35.82,451301,57.25,NA,NA,NA
2021,"神奈川","kanagawa",18,0,3,3,"維新","横田光弘","male","YOKOTA, MITSUHIRO",0,63,NA,0,41562,16.47,451301,57.25,NA,NA,NA
2021,"福井","fukui",1,1,1,2,"自民","稲田朋美","female","INADA, TOMOMI",5,62,NA,1,136171,65.46,375210,56.82,NA,NA,NA
2021,"福井","fukui",1,0,2,2,"立憲","野田富久","male","NODA, TOMIHISA",0,74,NA,0,71845,34.54,375210,56.82,NA,NA,NA
2021,"福井","fukui",2,1,1,2,"自民","高木毅","male","TAKAGI, TSUYOSHI",7,65,NA,1,81705,53.86,262612,59.12,NA,NA,NA
2021,"福井","fukui",2,0,2,2,"立憲","斉木武志","male","SAIKI, TAKESHI",2,47,NA,1,69984,46.14,262612,59.12,NA,NA,NA
2021,"福岡","fukuoka",1,1,1,4,"自民","井上貴博","male","INOUE, TAKAHIRO",3,59,NA,1,99430,47.51,453215,47.56,NA,NA,NA
2021,"福岡","fukuoka",1,0,2,4,"立憲","坪田晋","male","TSUBOTA, SUSUMU",0,37,NA,0,53755,25.69,453215,47.56,NA,NA,NA
2021,"福岡","fukuoka",1,2,3,4,"維新","山本剛正","male","YAMAMOTO, GOSEI",1,49,NA,2,37604,17.97,453215,47.56,NA,NA,NA
2021,"福岡","fukuoka",1,0,4,4,"共産","木村拓史","male","KIMURA, TAKUJI",0,35,NA,0,18487,8.83,453215,47.56,NA,NA,NA
2021,"福岡","fukuoka",2,1,1,3,"自民","鬼木誠","male","ONIKI, MAKOTO",3,49,NA,1,109382,45.97,449552,53.81,NA,NA,NA
2021,"福岡","fukuoka",2,2,2,3,"立憲","稲富修二","male","INATOMI, SHUJI",2,51,NA,1,101258,42.56,449552,53.81,NA,NA,NA
2021,"福岡","fukuoka",2,0,3,3,"維新","新開崇司","male","SHINKAI, TAKASHI",0,50,NA,0,27302,11.47,449552,53.81,NA,NA,NA
2021,"福岡","fukuoka",3,1,1,2,"自民","古賀篤","male","KOGA, ATSUSHI",3,49,NA,1,135031,57.87,443603,54.42,NA,NA,NA
2021,"福岡","fukuoka",3,0,2,2,"立憲","山内康一","male","YAMAUCHI, KOICHI",4,48,NA,1,98304,42.13,443603,54.42,NA,NA,NA
2021,"福岡","fukuoka",4,1,1,4,"自民","宮内秀樹","male","MIYAUCHI, HIDEKI",3,59,NA,1,96023,49.42,369215,53.97,NA,NA,NA
2021,"福岡","fukuoka",4,0,2,4,"立憲","森本慎太郎","male","MORIMOTO, SHINTARO",0,43,NA,0,49935,25.7,369215,53.97,NA,NA,NA
2021,"福岡","fukuoka",4,2,3,4,"維新","阿部弘樹","male","ABE, HIROKI",0,59,NA,0,36998,19.04,369215,53.97,NA,NA,NA
2021,"福岡","fukuoka",4,0,4,4,"社民","竹内信昭","male","TAKEUCHI, NOBUAKI",0,68,NA,0,11338,5.84,369215,53.97,NA,NA,NA
2021,"福岡","fukuoka",5,1,1,2,"立憲","堤かなめ","female","TSUTSUMI, KANAME",0,61,NA,0,125315,53.09,454493,54.52,NA,NA,NA
2021,"福岡","fukuoka",5,0,2,2,"自民","原田義昭","male","HARADA, YOSHIAKI",8,77,NA,1,110706,46.91,454493,54.52,NA,NA,NA
2021,"福岡","fukuoka",6,1,1,5,"自民","鳩山二郎","male","HATOYAMA, JIRO",2,42,NA,1,125366,67.45,374631,51.19,1,"父＝鳩山邦夫（衆院議員）、叔父＝鳩山由紀夫、祖父＝鳩山威一郎、曽祖父＝鳩山一郎ほか",NA
2021,"福岡","fukuoka",6,0,2,5,"立憲","田辺徹","male","TANABE, TORU",0,60,NA,0,38578,20.75,374631,51.19,NA,NA,NA
2021,"福岡","fukuoka",6,0,3,5,"共産","河野一弘","male","KAWANO, KAZUHIRO",0,49,NA,0,12565,6.76,374631,51.19,NA,NA,NA
2021,"福岡","fukuoka",6,0,4,5,"無所","組坂善昭","male","KUMISAKA, YOSHIAKI",0,74,NA,0,5612,3.02,374631,51.19,NA,NA,NA
2021,"福岡","fukuoka",6,0,5,5,"Ｎ党","熊丸英治","male","KUMAMARU, EIJI",0,52,NA,0,3753,2.02,374631,51.19,NA,NA,NA
2021,"福岡","fukuoka",7,1,1,2,"自民","藤丸敏","male","FUJIMARU, BIN",3,61,NA,1,92233,62.3,288733,52.53,NA,NA,NA
2021,"福岡","fukuoka",7,0,2,2,"立憲","青木剛志","male","AOKI, TSUYOSHI",0,50,NA,0,55820,37.7,288733,52.53,NA,NA,NA
2021,"福岡","fukuoka",8,1,1,3,"自民","麻生太郎","male","ASO, TARO",13,81,NA,1,104924,59.63,349058,53.04,1,"父＝麻生太賀吉（衆議院議員）",NA
2021,"福岡","fukuoka",8,0,2,3,"共産","河野祥子","female","KAWANO, SHOKO",0,41,NA,0,38083,21.64,349058,53.04,NA,NA,NA
2021,"福岡","fukuoka",8,0,3,3,"れい","大島九州男","male","OSHIMA, KUSUO",0,60,NA,0,32964,18.73,349058,53.04,NA,NA,NA
2021,"福岡","fukuoka",9,1,1,3,"無所","緒方林太郎","male","OGATA, RINTARO",2,48,NA,2,91591,48.12,380277,50.95,NA,NA,NA
2021,"福岡","fukuoka",9,0,2,3,"自民","三原朝彦","male","MIHARA, ASAHIKO",8,74,NA,1,76481,40.18,380277,50.95,1,"父＝三原朝雄（衆議院議員）",NA
2021,"福岡","fukuoka",9,0,3,3,"共産","真島省三","male","MASHIMA, SHOZO",1,58,NA,2,22273,11.7,380277,50.95,NA,NA,NA
2021,"福岡","fukuoka",10,1,1,4,"立憲","城井崇","male","KII, TAKASHI",3,48,NA,1,85361,44.48,408059,48,NA,NA,NA
2021,"福岡","fukuoka",10,0,2,4,"自民","山本幸三","male","YAMAMOTO, KOZO",8,73,NA,1,81882,42.67,408059,48,NA,NA,NA
2021,"福岡","fukuoka",10,0,3,4,"維新","西田主税","male","NISHIDA, CHIKARA",0,59,NA,0,21829,11.37,408059,48,NA,NA,NA
2021,"福岡","fukuoka",10,0,4,4,"無所","大西啓雅","male","ONISHI, HIROMASA",0,51,NA,0,2840,1.48,408059,48,NA,NA,NA
2021,"福岡","fukuoka",11,1,1,3,"自民","武田良太","male","TAKEDA, RYOTA",6,53,NA,1,75997,55.76,256676,54.28,NA,NA,NA
2021,"福岡","fukuoka",11,0,2,3,"無所","村上智信","male","MURAKAMI, TOMONOBU",0,52,NA,0,40996,30.08,256676,54.28,NA,NA,NA
2021,"福岡","fukuoka",11,0,3,3,"社民","志岐玲子","female","SHIKI, REIKO",0,68,NA,0,19310,14.17,256676,54.28,NA,NA,NA
2021,"福島","fukushima",1,1,1,2,"立憲","金子恵美","female","KANEKO, EMI",2,56,NA,1,123620,51.15,404405,60.61,NA,NA,NA
2021,"福島","fukushima",1,2,2,2,"自民","亀岡偉民","male","KAMEOKA, YOSHITAMI",4,66,NA,1,118074,48.85,404405,60.61,1,"義父＝亀岡高夫（衆議院議員）",NA
2021,"福島","fukushima",2,1,1,2,"自民","根本匠","male","NEMOTO, TAKUMI",8,70,NA,1,102638,54.55,347250,55.06,NA,NA,NA
2021,"福島","fukushima",2,2,2,2,"立憲","馬場雄基","male","BABA, YUKI",0,29,NA,0,85501,45.45,347250,55.06,NA,NA,NA
2021,"福島","fukushima",3,1,1,2,"立憲","玄葉光一郎","male","GENBA, KOICHIRO",9,57,NA,1,90457,54.24,264121,64.05,NA,NA,NA
2021,"福島","fukushima",3,2,2,2,"自民","上杉謙太郎","male","UESUGI, KENTARO",1,46,NA,1,76302,45.76,264121,64.05,NA,NA,NA
2021,"福島","fukushima",4,1,1,2,"立憲","小熊慎司","male","OGUMA, SHINJI",3,53,NA,1,76683,50.96,237353,64.68,NA,NA,NA
2021,"福島","fukushima",4,2,2,2,"自民","菅家一郎","male","SUKAYA, ICHIRO",3,66,NA,1,73784,49.04,237353,64.68,NA,NA,NA
2021,"福島","fukushima",5,1,1,2,"自民","吉野正芳","male","YOSHINO, MASAYOSHI",7,73,NA,1,93325,62.66,320273,48,NA,NA,NA
2021,"福島","fukushima",5,0,2,2,"共産","熊谷智","male","KUMAGAI, TOMO",0,42,NA,0,55619,37.34,320273,48,NA,NA,NA
2021,"京都","kyoto",1,1,1,3,"自民","勝目康","male","KATSUME, YASUSHI",0,47,NA,0,86238,40.4,390373,55.9,NA,NA,NA
2021,"京都","kyoto",1,2,2,3,"共産","穀田恵二","male","KOKUTA, KEIJI",9,74,NA,1,65201,30.55,390373,55.9,NA,NA,NA
2021,"京都","kyoto",1,2,3,3,"維新","堀場幸子","female","HORIBA, SACHIKO",0,42,NA,0,62007,29.05,390373,55.9,NA,NA,NA
2021,"京都","kyoto",2,1,1,4,"国民","前原誠司","male","MAEHARA, SEIJI",9,59,NA,1,72516,48.89,264808,57.14,NA,NA,NA
2021,"京都","kyoto",2,0,2,4,"自民","繁本護","male","SHIGEMOTO, MAMORU",1,48,NA,1,43291,29.19,264808,57.14,NA,NA,NA
2021,"京都","kyoto",2,0,3,4,"共産","地坂拓晃","male","CHISAKA, TAKUAKI",0,48,NA,0,25260,17.03,264808,57.14,NA,NA,NA
2021,"京都","kyoto",2,0,4,4,"れい","中辰哉","male","NAKA, TATSUYA",0,45,NA,0,7263,4.9,264808,57.14,NA,NA,NA
2021,"京都","kyoto",3,1,1,3,"立憲","泉健太","male","IZUMI, KENTA",7,47,NA,1,89259,48.19,353915,53.52,NA,NA,NA
2021,"京都","kyoto",3,0,2,3,"自民","木村弥生","female","KIMURA, YAYOI",2,56,NA,1,61674,33.3,353915,53.52,NA,NA,NA
2021,"京都","kyoto",3,0,3,3,"維新","井上博明","male","INOUE, HIROAKI",0,64,NA,0,34288,18.51,353915,53.52,NA,NA,NA
2021,"京都","kyoto",4,1,1,3,"無所","北神圭朗","male","KITAGAMI, KEIRO",3,54,NA,2,96172,44.21,396960,56.21,NA,NA,NA
2021,"京都","kyoto",4,2,2,3,"自民","田中英之","male","TANAK, HIDEYUKI",3,51,NA,1,80775,37.13,396960,56.21,NA,NA,NA
2021,"京都","kyoto",4,0,3,3,"共産","吉田幸一","male","YOSHIDA, KOICHI",0,47,NA,0,40603,18.66,396960,56.21,NA,NA,NA
2021,"京都","kyoto",5,1,1,4,"自民","本田太郎","male","HONDA, TARO",1,47,NA,1,68693,49.39,238618,59.49,NA,NA,NA
2021,"京都","kyoto",5,0,2,4,"立憲","山本和嘉子","female","YAMAMOTO, WAKAKO",1,53,NA,1,32108,23.09,238618,59.49,NA,NA,NA
2021,"京都","kyoto",5,0,3,4,"無所","井上一徳","male","INOUE, KAZUNORI",1,59,NA,1,21904,15.75,238618,59.49,NA,NA,NA
2021,"京都","kyoto",5,0,4,4,"共産","山内健","male","YAMAUCHI, KEN",0,53,NA,0,16375,11.77,238618,59.49,NA,NA,NA
2021,"京都","kyoto",6,1,1,3,"立憲","山井和則","male","YAMANOI, KAZUNORI",7,59,NA,1,116111,45.25,460284,56.81,NA,NA,NA
2021,"京都","kyoto",6,0,2,3,"自民","清水鴻一郎","male","SHIMIZU, KOICHIRO",2,75,NA,2,82004,31.96,460284,56.81,NA,NA,NA
2021,"京都","kyoto",6,0,3,3,"維新","中嶋秀樹","male","NAKAJIMA, HIDEKI",0,50,NA,0,58487,22.79,460284,56.81,NA,NA,NA
